episode,reward,learning_rate,target_update_freq
0,-3844.0,0.0005,1
1,-2289.0,0.0005,1
2,-1538.0,0.0005,1
3,-1101.0,0.0005,1
4,-91.0,0.0005,1
5,-2471.0,0.0005,1
6,-61.0,0.0005,1
7,-4250.0,0.0005,1
8,-29.0,0.0005,1
9,-21332.0,0.0005,1
10,-237.0,0.0005,1
11,-118.0,0.0005,1
12,-4303.0,0.0005,1
13,-18047.0,0.0005,1
14,-181.0,0.0005,1
15,-1358.0,0.0005,1
16,-2045.0,0.0005,1
17,-28721.0,0.0005,1
18,-10.0,0.0005,1
19,-490.0,0.0005,1
20,-66184.0,0.0005,1
21,-55116.0,0.0005,1
22,-73964.0,0.0005,1
23,-39910.0,0.0005,1
24,-6.0,0.0005,1
25,-77828.0,0.0005,1
26,-87176.0,0.0005,1
27,-96304.0,0.0005,1
28,-27135.0,0.0005,1
29,-43963.0,0.0005,1
30,-16136.0,0.0005,1
31,-40735.0,0.0005,1
32,-10.0,0.0005,1
33,-105200.0,0.0005,1
34,-96096.0,0.0005,1
35,-41364.0,0.0005,1
36,-98344.0,0.0005,1
37,-30877.0,0.0005,1
38,-109600.0,0.0005,1
39,-1.0,0.0005,1
40,-39285.0,0.0005,1
41,-102572.0,0.0005,1
42,-104984.0,0.0005,1
43,0.0,0.0005,1
44,-514.0,0.0005,1
45,-100960.0,0.0005,1
46,-1.0,0.0005,1
47,-105280.0,0.0005,1
48,-107668.0,0.0005,1
49,-20024.0,0.0005,1
50,-109252.0,0.0005,1
51,-100696.0,0.0005,1
52,-110616.0,0.0005,1
53,-117084.0,0.0005,1
54,-49406.0,0.0005,1
55,-105320.0,0.0005,1
56,-2381.0,0.0005,1
57,-307.0,0.0005,1
58,-1829.0,0.0005,1
59,-103088.0,0.0005,1
60,-55379.0,0.0005,1
61,-1580.0,0.0005,1
62,-106500.0,0.0005,1
63,-108692.0,0.0005,1
64,-103732.0,0.0005,1
65,-34425.0,0.0005,1
66,-111044.0,0.0005,1
67,-21841.0,0.0005,1
68,-103208.0,0.0005,1
69,-1908.0,0.0005,1
70,-105260.0,0.0005,1
71,-105612.0,0.0005,1
72,-74872.0,0.0005,1
73,-1.0,0.0005,1
74,-21.0,0.0005,1
75,-96160.0,0.0005,1
76,-1.0,0.0005,1
77,-106772.0,0.0005,1
78,-1551.0,0.0005,1
79,-6.0,0.0005,1
80,-106320.0,0.0005,1
81,-103464.0,0.0005,1
82,-101552.0,0.0005,1
83,-102176.0,0.0005,1
84,-23992.0,0.0005,1
85,-15251.0,0.0005,1
86,-97880.0,0.0005,1
87,-3898.0,0.0005,1
88,-2256.0,0.0005,1
89,-108584.0,0.0005,1
90,-98012.0,0.0005,1
91,-104296.0,0.0005,1
92,-10433.0,0.0005,1
93,-66685.0,0.0005,1
94,-94448.0,0.0005,1
95,-103412.0,0.0005,1
96,-108948.0,0.0005,1
97,-104992.0,0.0005,1
98,0.0,0.0005,1
99,-104680.0,0.0005,1
100,-110448.0,0.0005,1
101,-4590.0,0.0005,1
102,-108140.0,0.0005,1
103,-116128.0,0.0005,1
104,-104096.0,0.0005,1
105,-108452.0,0.0005,1
106,-108404.0,0.0005,1
107,-111804.0,0.0005,1
108,-102160.0,0.0005,1
109,-1.0,0.0005,1
110,-106736.0,0.0005,1
111,-28.0,0.0005,1
112,-98304.0,0.0005,1
113,-23785.0,0.0005,1
114,-108928.0,0.0005,1
115,-104816.0,0.0005,1
116,-103572.0,0.0005,1
117,-15598.0,0.0005,1
118,-108244.0,0.0005,1
119,-109256.0,0.0005,1
120,-7685.0,0.0005,1
121,-9011.0,0.0005,1
122,-101204.0,0.0005,1
123,-2850.0,0.0005,1
124,-113416.0,0.0005,1
125,-99212.0,0.0005,1
126,-114204.0,0.0005,1
127,-104664.0,0.0005,1
128,-103804.0,0.0005,1
129,-107188.0,0.0005,1
130,-110216.0,0.0005,1
131,-220.0,0.0005,1
132,0.0,0.0005,1
133,-1.0,0.0005,1
134,-34181.0,0.0005,1
135,-13478.0,0.0005,1
136,-139.0,0.0005,1
137,-6.0,0.0005,1
138,-630.0,0.0005,1
139,-104868.0,0.0005,1
140,-2531.0,0.0005,1
141,-107500.0,0.0005,1
142,-26145.0,0.0005,1
143,-104792.0,0.0005,1
144,-108364.0,0.0005,1
145,-67754.0,0.0005,1
146,-104332.0,0.0005,1
147,-921.0,0.0005,1
148,-103464.0,0.0005,1
149,-1.0,0.0005,1
150,-96908.0,0.0005,1
151,-100876.0,0.0005,1
152,-66630.0,0.0005,1
153,-6357.0,0.0005,1
154,0.0,0.0005,1
155,-107552.0,0.0005,1
156,-104188.0,0.0005,1
157,-103052.0,0.0005,1
158,0.0,0.0005,1
159,-6.0,0.0005,1
160,0.0,0.0005,1
161,-1481.0,0.0005,1
162,-1.0,0.0005,1
163,-1.0,0.0005,1
164,-66127.0,0.0005,1
165,-6.0,0.0005,1
166,-106704.0,0.0005,1
167,-1544.0,0.0005,1
168,-76.0,0.0005,1
169,-183.0,0.0005,1
170,-75487.0,0.0005,1
171,-105796.0,0.0005,1
172,-5745.0,0.0005,1
173,0.0,0.0005,1
174,-1951.0,0.0005,1
175,-44.0,0.0005,1
176,-3.0,0.0005,1
177,-108600.0,0.0005,1
178,-46667.0,0.0005,1
179,-601.0,0.0005,1
180,-1.0,0.0005,1
181,-3.0,0.0005,1
182,-105308.0,0.0005,1
183,-24224.0,0.0005,1
184,-32272.0,0.0005,1
185,-109808.0,0.0005,1
186,-111940.0,0.0005,1
187,-1935.0,0.0005,1
188,-99384.0,0.0005,1
189,-3.0,0.0005,1
190,-105936.0,0.0005,1
191,-113540.0,0.0005,1
192,-32030.0,0.0005,1
193,-101076.0,0.0005,1
194,-120.0,0.0005,1
195,-35398.0,0.0005,1
196,-43961.0,0.0005,1
197,-108908.0,0.0005,1
198,-1830.0,0.0005,1
199,-105384.0,0.0005,1
200,-24834.0,0.0005,1
201,-105252.0,0.0005,1
202,-99540.0,0.0005,1
203,-101560.0,0.0005,1
204,-94144.0,0.0005,1
205,-52207.0,0.0005,1
206,-97192.0,0.0005,1
207,0.0,0.0005,1
208,-1189.0,0.0005,1
209,-15.0,0.0005,1
210,-5768.0,0.0005,1
211,-824.0,0.0005,1
212,-99896.0,0.0005,1
213,-116596.0,0.0005,1
214,0.0,0.0005,1
215,-95584.0,0.0005,1
216,-90868.0,0.0005,1
217,-84812.0,0.0005,1
218,-105856.0,0.0005,1
219,-102736.0,0.0005,1
220,-3623.0,0.0005,1
221,0.0,0.0005,1
222,-11522.0,0.0005,1
223,-1.0,0.0005,1
224,-13557.0,0.0005,1
225,-25900.0,0.0005,1
226,-95748.0,0.0005,1
227,-112844.0,0.0005,1
228,-71592.0,0.0005,1
229,-190.0,0.0005,1
230,0.0,0.0005,1
231,-2527.0,0.0005,1
232,-15.0,0.0005,1
233,-6.0,0.0005,1
234,-6.0,0.0005,1
235,-78.0,0.0005,1
236,-6.0,0.0005,1
237,-9941.0,0.0005,1
238,-3.0,0.0005,1
239,-630.0,0.0005,1
240,-53151.0,0.0005,1
241,-1.0,0.0005,1
242,-11205.0,0.0005,1
243,-29648.0,0.0005,1
244,-4789.0,0.0005,1
245,-6.0,0.0005,1
246,-1.0,0.0005,1
247,-91372.0,0.0005,1
248,-100840.0,0.0005,1
249,-1.0,0.0005,1
250,0.0,0.0005,1
251,-98000.0,0.0005,1
252,-94184.0,0.0005,1
253,-92036.0,0.0005,1
254,-36679.0,0.0005,1
255,-70.0,0.0005,1
256,-65186.0,0.0005,1
257,-1.0,0.0005,1
258,-21642.0,0.0005,1
259,-1326.0,0.0005,1
260,-109800.0,0.0005,1
261,0.0,0.0005,1
262,-84358.0,0.0005,1
263,-91528.0,0.0005,1
264,-474.0,0.0005,1
265,-3.0,0.0005,1
266,-2359.0,0.0005,1
267,-9916.0,0.0005,1
268,-16397.0,0.0005,1
269,0.0,0.0005,1
270,-1.0,0.0005,1
271,-5775.0,0.0005,1
272,-190.0,0.0005,1
273,-11589.0,0.0005,1
274,-12146.0,0.0005,1
275,-106.0,0.0005,1
276,-73264.0,0.0005,1
277,0.0,0.0005,1
278,-992.0,0.0005,1
279,-10.0,0.0005,1
280,-114048.0,0.0005,1
281,-1.0,0.0005,1
282,-1.0,0.0005,1
283,-54539.0,0.0005,1
284,-28.0,0.0005,1
285,-43674.0,0.0005,1
286,-32751.0,0.0005,1
287,-6.0,0.0005,1
288,-80879.0,0.0005,1
289,-3.0,0.0005,1
290,0.0,0.0005,1
291,-4106.0,0.0005,1
292,0.0,0.0005,1
293,-7103.0,0.0005,1
294,-868.0,0.0005,1
295,-3.0,0.0005,1
296,-3.0,0.0005,1
297,-78968.0,0.0005,1
298,-45.0,0.0005,1
299,-5903.0,0.0005,1
300,-10.0,0.0005,1
301,-52781.0,0.0005,1
302,0.0,0.0005,1
303,-105944.0,0.0005,1
304,-3.0,0.0005,1
305,-1.0,0.0005,1
306,-722.0,0.0005,1
307,-3.0,0.0005,1
308,-11436.0,0.0005,1
309,-3562.0,0.0005,1
310,-316.0,0.0005,1
311,-3.0,0.0005,1
312,-1.0,0.0005,1
313,0.0,0.0005,1
314,-3.0,0.0005,1
315,-10.0,0.0005,1
316,-15.0,0.0005,1
317,-77448.0,0.0005,1
318,-6.0,0.0005,1
319,-1.0,0.0005,1
320,-16949.0,0.0005,1
321,-1.0,0.0005,1
322,-400.0,0.0005,1
323,-10.0,0.0005,1
324,-231.0,0.0005,1
325,0.0,0.0005,1
326,-1.0,0.0005,1
327,-3.0,0.0005,1
328,-3.0,0.0005,1
329,-28784.0,0.0005,1
330,-12610.0,0.0005,1
331,-1770.0,0.0005,1
332,-21579.0,0.0005,1
333,-21.0,0.0005,1
334,-10.0,0.0005,1
335,-23647.0,0.0005,1
336,-190.0,0.0005,1
337,-15.0,0.0005,1
338,-112948.0,0.0005,1
339,-1.0,0.0005,1
340,-5370.0,0.0005,1
341,-1.0,0.0005,1
342,-6.0,0.0005,1
343,-115144.0,0.0005,1
344,-861.0,0.0005,1
345,-253.0,0.0005,1
346,-15.0,0.0005,1
347,0.0,0.0005,1
348,-3842.0,0.0005,1
349,-45.0,0.0005,1
350,-27085.0,0.0005,1
351,-4065.0,0.0005,1
352,-595.0,0.0005,1
353,-3.0,0.0005,1
354,-1.0,0.0005,1
355,-4835.0,0.0005,1
356,-55.0,0.0005,1
357,-10.0,0.0005,1
358,-1128.0,0.0005,1
359,-86992.0,0.0005,1
360,-11978.0,0.0005,1
361,-3.0,0.0005,1
362,-66.0,0.0005,1
363,-60.0,0.0005,1
364,-10.0,0.0005,1
365,-595.0,0.0005,1
366,-3.0,0.0005,1
367,-136.0,0.0005,1
368,-15.0,0.0005,1
369,-6.0,0.0005,1
370,-253.0,0.0005,1
371,-38848.0,0.0005,1
372,-3.0,0.0005,1
373,-6566.0,0.0005,1
374,-3.0,0.0005,1
375,-540.0,0.0005,1
376,-21.0,0.0005,1
377,-10.0,0.0005,1
378,-1.0,0.0005,1
379,-6.0,0.0005,1
380,-45.0,0.0005,1
381,-2140.0,0.0005,1
382,-1.0,0.0005,1
383,-6.0,0.0005,1
384,-1.0,0.0005,1
385,-10.0,0.0005,1
386,-6.0,0.0005,1
387,0.0,0.0005,1
388,-6.0,0.0005,1
389,-3.0,0.0005,1
390,-2585.0,0.0005,1
391,-105.0,0.0005,1
392,-10.0,0.0005,1
393,0.0,0.0005,1
394,-10.0,0.0005,1
395,-28.0,0.0005,1
396,-6185.0,0.0005,1
397,-6.0,0.0005,1
398,-1021.0,0.0005,1
399,-3.0,0.0005,1
400,-448.0,0.0005,1
401,-4947.0,0.0005,1
402,-28.0,0.0005,1
403,-276.0,0.0005,1
404,-3.0,0.0005,1
405,-105.0,0.0005,1
406,-18025.0,0.0005,1
407,-21.0,0.0005,1
408,-1.0,0.0005,1
409,-465.0,0.0005,1
410,-6.0,0.0005,1
411,-27660.0,0.0005,1
412,-6966.0,0.0005,1
413,-3.0,0.0005,1
414,-1.0,0.0005,1
415,-1.0,0.0005,1
416,-1.0,0.0005,1
417,-3.0,0.0005,1
418,-253.0,0.0005,1
419,-1721.0,0.0005,1
420,-3.0,0.0005,1
421,-1398.0,0.0005,1
422,-1326.0,0.0005,1
423,-3.0,0.0005,1
424,-6.0,0.0005,1
425,-66.0,0.0005,1
426,-1.0,0.0005,1
427,-276.0,0.0005,1
428,-3.0,0.0005,1
429,-21.0,0.0005,1
430,-28.0,0.0005,1
431,-1035.0,0.0005,1
432,-1.0,0.0005,1
433,-10.0,0.0005,1
434,-10.0,0.0005,1
435,-3.0,0.0005,1
436,-6.0,0.0005,1
437,-28.0,0.0005,1
438,-15.0,0.0005,1
439,-526.0,0.0005,1
440,-15.0,0.0005,1
441,-435.0,0.0005,1
442,-1.0,0.0005,1
443,-1.0,0.0005,1
444,-2013.0,0.0005,1
445,0.0,0.0005,1
446,-1.0,0.0005,1
447,-6.0,0.0005,1
448,-6.0,0.0005,1
449,-3.0,0.0005,1
450,-3.0,0.0005,1
451,-15.0,0.0005,1
452,-3.0,0.0005,1
453,-78.0,0.0005,1
454,-15.0,0.0005,1
455,-10.0,0.0005,1
456,-1.0,0.0005,1
457,-2850.0,0.0005,1
458,-276.0,0.0005,1
459,-3.0,0.0005,1
460,-4523.0,0.0005,1
461,-10.0,0.0005,1
462,-1.0,0.0005,1
463,-21.0,0.0005,1
464,0.0,0.0005,1
465,-55.0,0.0005,1
466,-210.0,0.0005,1
467,-3.0,0.0005,1
468,-4005.0,0.0005,1
469,-136.0,0.0005,1
470,-10.0,0.0005,1
471,-3.0,0.0005,1
472,-15.0,0.0005,1
473,-4827.0,0.0005,1
474,-6.0,0.0005,1
475,-15.0,0.0005,1
476,-78.0,0.0005,1
477,-3.0,0.0005,1
478,-15.0,0.0005,1
479,-6.0,0.0005,1
480,-66.0,0.0005,1
481,0.0,0.0005,1
482,-3.0,0.0005,1
483,-28.0,0.0005,1
484,0.0,0.0005,1
485,-3.0,0.0005,1
486,-3.0,0.0005,1
487,-6.0,0.0005,1
488,-28.0,0.0005,1
489,-10.0,0.0005,1
490,-136.0,0.0005,1
491,-1.0,0.0005,1
492,-6.0,0.0005,1
493,-6.0,0.0005,1
494,0.0,0.0005,1
495,-3.0,0.0005,1
496,-6.0,0.0005,1
497,-153.0,0.0005,1
498,-3.0,0.0005,1
499,-361.0,0.0005,1
500,0.0,0.0005,1
501,-3.0,0.0005,1
502,-3.0,0.0005,1
503,-6.0,0.0005,1
504,-11726.0,0.0005,1
505,-3.0,0.0005,1
506,-36.0,0.0005,1
507,0.0,0.0005,1
508,-1.0,0.0005,1
509,-1.0,0.0005,1
510,-321.0,0.0005,1
511,-1.0,0.0005,1
512,-6.0,0.0005,1
513,-28.0,0.0005,1
514,-1.0,0.0005,1
515,-3.0,0.0005,1
516,-6.0,0.0005,1
517,-28.0,0.0005,1
518,-6.0,0.0005,1
519,-378.0,0.0005,1
520,-10.0,0.0005,1
521,-3.0,0.0005,1
522,-1.0,0.0005,1
523,-3.0,0.0005,1
524,-21.0,0.0005,1
525,0.0,0.0005,1
526,-15.0,0.0005,1
527,-1.0,0.0005,1
528,-3.0,0.0005,1
529,-10.0,0.0005,1
530,-6.0,0.0005,1
531,-6.0,0.0005,1
532,-465.0,0.0005,1
533,-1.0,0.0005,1
534,-6.0,0.0005,1
535,-3.0,0.0005,1
536,-3.0,0.0005,1
537,-10.0,0.0005,1
538,-1.0,0.0005,1
539,-3.0,0.0005,1
540,-3.0,0.0005,1
541,-10.0,0.0005,1
542,-3.0,0.0005,1
543,0.0,0.0005,1
544,-10.0,0.0005,1
545,-6.0,0.0005,1
546,-496.0,0.0005,1
547,-990.0,0.0005,1
548,-10.0,0.0005,1
549,-10.0,0.0005,1
550,-903.0,0.0005,1
551,-1.0,0.0005,1
552,-1.0,0.0005,1
553,-6.0,0.0005,1
554,-2485.0,0.0005,1
555,-6.0,0.0005,1
556,-3.0,0.0005,1
557,0.0,0.0005,1
558,-741.0,0.0005,1
559,-1.0,0.0005,1
560,-1.0,0.0005,1
561,-1378.0,0.0005,1
562,-55.0,0.0005,1
563,-1.0,0.0005,1
564,-10233.0,0.0005,1
565,-3.0,0.0005,1
566,0.0,0.0005,1
567,-3828.0,0.0005,1
568,-1.0,0.0005,1
569,-6.0,0.0005,1
570,-3.0,0.0005,1
571,-3.0,0.0005,1
572,-903.0,0.0005,1
573,0.0,0.0005,1
574,-6.0,0.0005,1
575,-4724.0,0.0005,1
576,-6.0,0.0005,1
577,-1.0,0.0005,1
578,-2926.0,0.0005,1
579,-16025.0,0.0005,1
580,0.0,0.0005,1
581,-351.0,0.0005,1
582,-2926.0,0.0005,1
583,-1.0,0.0005,1
584,0.0,0.0005,1
585,-153.0,0.0005,1
586,-55.0,0.0005,1
587,-3.0,0.0005,1
588,-1.0,0.0005,1
589,-10.0,0.0005,1
590,-1.0,0.0005,1
591,-3.0,0.0005,1
592,0.0,0.0005,1
593,-1.0,0.0005,1
594,-1.0,0.0005,1
595,-78.0,0.0005,1
596,0.0,0.0005,1
597,-1.0,0.0005,1
598,0.0,0.0005,1
599,0.0,0.0005,1
600,-6.0,0.0005,1
601,0.0,0.0005,1
602,-36.0,0.0005,1
603,0.0,0.0005,1
604,-3.0,0.0005,1
605,-1.0,0.0005,1
606,-10.0,0.0005,1
607,-21.0,0.0005,1
608,-3.0,0.0005,1
609,-45.0,0.0005,1
610,-6.0,0.0005,1
611,-1.0,0.0005,1
612,-1.0,0.0005,1
613,-6.0,0.0005,1
614,0.0,0.0005,1
615,-10.0,0.0005,1
616,-3.0,0.0005,1
617,0.0,0.0005,1
618,-3.0,0.0005,1
619,-3.0,0.0005,1
620,-10.0,0.0005,1
621,-10.0,0.0005,1
622,0.0,0.0005,1
623,-3.0,0.0005,1
624,-1.0,0.0005,1
625,-10.0,0.0005,1
626,-10.0,0.0005,1
627,-6.0,0.0005,1
628,0.0,0.0005,1
629,-3.0,0.0005,1
630,-1.0,0.0005,1
631,-1.0,0.0005,1
632,0.0,0.0005,1
633,-1.0,0.0005,1
634,-6.0,0.0005,1
635,0.0,0.0005,1
636,-6.0,0.0005,1
637,-3.0,0.0005,1
638,-1.0,0.0005,1
639,-10.0,0.0005,1
640,-10.0,0.0005,1
641,-6.0,0.0005,1
642,-10.0,0.0005,1
643,-1.0,0.0005,1
644,-6.0,0.0005,1
645,-3.0,0.0005,1
646,-1.0,0.0005,1
647,-29.0,0.0005,1
648,-6.0,0.0005,1
649,0.0,0.0005,1
650,-1.0,0.0005,1
651,-6.0,0.0005,1
652,-6.0,0.0005,1
653,-1.0,0.0005,1
654,-23.0,0.0005,1
655,-3.0,0.0005,1
656,-1.0,0.0005,1
657,-10.0,0.0005,1
658,-3.0,0.0005,1
659,-1.0,0.0005,1
660,-3.0,0.0005,1
661,-10.0,0.0005,1
662,-21.0,0.0005,1
663,-3.0,0.0005,1
664,-15.0,0.0005,1
665,0.0,0.0005,1
666,-3.0,0.0005,1
667,-6.0,0.0005,1
668,0.0,0.0005,1
669,-3.0,0.0005,1
670,-10.0,0.0005,1
671,-3.0,0.0005,1
672,-3.0,0.0005,1
673,-10.0,0.0005,1
674,-6.0,0.0005,1
675,0.0,0.0005,1
676,-3.0,0.0005,1
677,-3.0,0.0005,1
678,0.0,0.0005,1
679,-3.0,0.0005,1
680,0.0,0.0005,1
681,-3.0,0.0005,1
682,-1.0,0.0005,1
683,-15.0,0.0005,1
684,-3.0,0.0005,1
685,-3.0,0.0005,1
686,0.0,0.0005,1
687,-6.0,0.0005,1
688,-6.0,0.0005,1
689,-10.0,0.0005,1
690,0.0,0.0005,1
691,-6.0,0.0005,1
692,0.0,0.0005,1
693,-6.0,0.0005,1
694,-6.0,0.0005,1
695,0.0,0.0005,1
696,0.0,0.0005,1
697,-6.0,0.0005,1
698,-6.0,0.0005,1
699,-3.0,0.0005,1
700,-6.0,0.0005,1
701,-21.0,0.0005,1
702,-1.0,0.0005,1
703,0.0,0.0005,1
704,-3.0,0.0005,1
705,0.0,0.0005,1
706,-6.0,0.0005,1
707,-3.0,0.0005,1
708,-10.0,0.0005,1
709,-6.0,0.0005,1
710,-3.0,0.0005,1
711,-3.0,0.0005,1
712,-3.0,0.0005,1
713,-10.0,0.0005,1
714,-3.0,0.0005,1
715,-1.0,0.0005,1
716,-15.0,0.0005,1
717,-15.0,0.0005,1
718,-3.0,0.0005,1
719,0.0,0.0005,1
720,-3.0,0.0005,1
721,-3.0,0.0005,1
722,-6.0,0.0005,1
723,-6.0,0.0005,1
724,-3.0,0.0005,1
725,-6.0,0.0005,1
726,-3.0,0.0005,1
727,-6.0,0.0005,1
728,-6.0,0.0005,1
729,-10.0,0.0005,1
730,-1.0,0.0005,1
731,-23.0,0.0005,1
732,-3.0,0.0005,1
733,-3.0,0.0005,1
734,-1.0,0.0005,1
735,-1.0,0.0005,1
736,-1.0,0.0005,1
737,-3.0,0.0005,1
738,-1.0,0.0005,1
739,-15.0,0.0005,1
740,-1.0,0.0005,1
741,-1.0,0.0005,1
742,-1.0,0.0005,1
743,0.0,0.0005,1
744,0.0,0.0005,1
745,-10.0,0.0005,1
746,0.0,0.0005,1
747,-21.0,0.0005,1
748,-10.0,0.0005,1
749,-3.0,0.0005,1
750,-1.0,0.0005,1
751,-6.0,0.0005,1
752,-3.0,0.0005,1
753,-3.0,0.0005,1
754,-21.0,0.0005,1
755,-10.0,0.0005,1
756,-3.0,0.0005,1
757,-15.0,0.0005,1
758,-1.0,0.0005,1
759,-6.0,0.0005,1
760,-1.0,0.0005,1
761,-6.0,0.0005,1
762,0.0,0.0005,1
763,0.0,0.0005,1
764,-3.0,0.0005,1
765,-1.0,0.0005,1
766,0.0,0.0005,1
767,-6.0,0.0005,1
768,-105.0,0.0005,1
769,-15.0,0.0005,1
770,-10.0,0.0005,1
771,-6.0,0.0005,1
772,-3.0,0.0005,1
773,0.0,0.0005,1
774,-6.0,0.0005,1
775,-1.0,0.0005,1
776,-3.0,0.0005,1
777,0.0,0.0005,1
778,-136.0,0.0005,1
779,0.0,0.0005,1
780,-10.0,0.0005,1
781,-3.0,0.0005,1
782,-3.0,0.0005,1
783,-10.0,0.0005,1
784,-1.0,0.0005,1
785,-6.0,0.0005,1
786,-3.0,0.0005,1
787,-3.0,0.0005,1
788,0.0,0.0005,1
789,-6.0,0.0005,1
790,-6.0,0.0005,1
791,-6.0,0.0005,1
792,-1.0,0.0005,1
793,-6.0,0.0005,1
794,-1.0,0.0005,1
795,-1.0,0.0005,1
796,-1.0,0.0005,1
797,-10.0,0.0005,1
798,0.0,0.0005,1
799,0.0,0.0005,1
800,-10.0,0.0005,1
801,-1.0,0.0005,1
802,-3.0,0.0005,1
803,-1.0,0.0005,1
804,-6.0,0.0005,1
805,0.0,0.0005,1
806,-3.0,0.0005,1
807,-10.0,0.0005,1
808,-6.0,0.0005,1
809,-6.0,0.0005,1
810,-10.0,0.0005,1
811,-1.0,0.0005,1
812,-6.0,0.0005,1
813,-6.0,0.0005,1
814,-15.0,0.0005,1
815,-3.0,0.0005,1
816,-15.0,0.0005,1
817,-10.0,0.0005,1
818,-6.0,0.0005,1
819,-10.0,0.0005,1
820,-1.0,0.0005,1
821,-3.0,0.0005,1
822,0.0,0.0005,1
823,-3.0,0.0005,1
824,-6.0,0.0005,1
825,-10.0,0.0005,1
826,-1.0,0.0005,1
827,0.0,0.0005,1
828,-3.0,0.0005,1
829,-10.0,0.0005,1
830,-1.0,0.0005,1
831,-1.0,0.0005,1
832,-3.0,0.0005,1
833,-3.0,0.0005,1
834,-45.0,0.0005,1
835,-3.0,0.0005,1
836,-3.0,0.0005,1
837,-10.0,0.0005,1
838,-3.0,0.0005,1
839,-15.0,0.0005,1
840,-6.0,0.0005,1
841,-1.0,0.0005,1
842,-19.0,0.0005,1
843,-6.0,0.0005,1
844,-6.0,0.0005,1
845,-1.0,0.0005,1
846,-3.0,0.0005,1
847,-21.0,0.0005,1
848,-3.0,0.0005,1
849,-6.0,0.0005,1
850,-10.0,0.0005,1
851,-21.0,0.0005,1
852,-15.0,0.0005,1
853,-10.0,0.0005,1
854,-10.0,0.0005,1
855,-3.0,0.0005,1
856,-6.0,0.0005,1
857,-1.0,0.0005,1
858,-3.0,0.0005,1
859,-10.0,0.0005,1
860,-6.0,0.0005,1
861,-3.0,0.0005,1
862,-10.0,0.0005,1
863,-1.0,0.0005,1
864,-15.0,0.0005,1
865,-6.0,0.0005,1
866,-1.0,0.0005,1
867,-6.0,0.0005,1
868,-3.0,0.0005,1
869,-10.0,0.0005,1
870,-3.0,0.0005,1
871,-1.0,0.0005,1
872,-21.0,0.0005,1
873,-15.0,0.0005,1
874,-3.0,0.0005,1
875,-6.0,0.0005,1
876,-1.0,0.0005,1
877,-6.0,0.0005,1
878,-6.0,0.0005,1
879,-21.0,0.0005,1
880,-3.0,0.0005,1
881,-3.0,0.0005,1
882,-3.0,0.0005,1
883,-3.0,0.0005,1
884,-6.0,0.0005,1
885,-15.0,0.0005,1
886,-1.0,0.0005,1
887,-1.0,0.0005,1
888,-3.0,0.0005,1
889,-1.0,0.0005,1
890,-6.0,0.0005,1
891,0.0,0.0005,1
892,-1.0,0.0005,1
893,-6.0,0.0005,1
894,-3.0,0.0005,1
895,-3.0,0.0005,1
896,-3.0,0.0005,1
897,-1.0,0.0005,1
898,-10.0,0.0005,1
899,-3.0,0.0005,1
900,-3.0,0.0005,1
901,-6.0,0.0005,1
902,-1.0,0.0005,1
903,0.0,0.0005,1
904,-1.0,0.0005,1
905,-3.0,0.0005,1
906,-15.0,0.0005,1
907,-1.0,0.0005,1
908,-10.0,0.0005,1
909,-6.0,0.0005,1
910,-1.0,0.0005,1
911,-15.0,0.0005,1
912,-6.0,0.0005,1
913,-1.0,0.0005,1
914,-6.0,0.0005,1
915,-10.0,0.0005,1
916,-6.0,0.0005,1
917,-1.0,0.0005,1
918,-1.0,0.0005,1
919,-15.0,0.0005,1
920,0.0,0.0005,1
921,-6.0,0.0005,1
922,0.0,0.0005,1
923,-10.0,0.0005,1
924,-3.0,0.0005,1
925,0.0,0.0005,1
926,-3.0,0.0005,1
927,-1.0,0.0005,1
928,-3.0,0.0005,1
929,-6.0,0.0005,1
930,-10.0,0.0005,1
931,-21.0,0.0005,1
932,-10.0,0.0005,1
933,-36.0,0.0005,1
934,-6.0,0.0005,1
935,-1.0,0.0005,1
936,-21.0,0.0005,1
937,-6.0,0.0005,1
938,-3.0,0.0005,1
939,-6.0,0.0005,1
940,-10.0,0.0005,1
941,-15.0,0.0005,1
942,-10.0,0.0005,1
943,-253.0,0.0005,1
944,-6.0,0.0005,1
945,-6.0,0.0005,1
946,-6.0,0.0005,1
947,-351.0,0.0005,1
948,-6.0,0.0005,1
949,-351.0,0.0005,1
950,-6.0,0.0005,1
951,-1.0,0.0005,1
952,0.0,0.0005,1
953,-6.0,0.0005,1
954,-6.0,0.0005,1
955,-10.0,0.0005,1
956,-10.0,0.0005,1
957,-10.0,0.0005,1
958,-3.0,0.0005,1
959,-3.0,0.0005,1
960,-10.0,0.0005,1
961,-1.0,0.0005,1
962,-6.0,0.0005,1
963,-10.0,0.0005,1
964,0.0,0.0005,1
965,-10.0,0.0005,1
966,-3.0,0.0005,1
967,0.0,0.0005,1
968,-1.0,0.0005,1
969,-28.0,0.0005,1
970,-3.0,0.0005,1
971,-10.0,0.0005,1
972,-6.0,0.0005,1
973,-3.0,0.0005,1
974,-1.0,0.0005,1
975,0.0,0.0005,1
976,-6.0,0.0005,1
977,-6.0,0.0005,1
978,-3.0,0.0005,1
979,-1.0,0.0005,1
980,-6.0,0.0005,1
981,-1.0,0.0005,1
982,-3.0,0.0005,1
983,-253.0,0.0005,1
984,-6.0,0.0005,1
985,-28.0,0.0005,1
986,-6.0,0.0005,1
987,-1.0,0.0005,1
988,-6.0,0.0005,1
989,-136.0,0.0005,1
990,-3.0,0.0005,1
991,-10.0,0.0005,1
992,-1.0,0.0005,1
993,-21.0,0.0005,1
994,-10.0,0.0005,1
995,-91.0,0.0005,1
996,-6.0,0.0005,1
997,-10.0,0.0005,1
998,-3.0,0.0005,1
999,-15.0,0.0005,1
1000,-3.0,0.0005,1
1001,-1.0,0.0005,1
1002,-10.0,0.0005,1
1003,0.0,0.0005,1
1004,0.0,0.0005,1
1005,-15.0,0.0005,1
1006,0.0,0.0005,1
1007,-10.0,0.0005,1
1008,-6.0,0.0005,1
1009,-3.0,0.0005,1
1010,-15.0,0.0005,1
1011,-10.0,0.0005,1
1012,-6.0,0.0005,1
1013,-1.0,0.0005,1
1014,-6.0,0.0005,1
1015,-3.0,0.0005,1
1016,0.0,0.0005,1
1017,-6.0,0.0005,1
1018,-6.0,0.0005,1
1019,-6.0,0.0005,1
1020,-1.0,0.0005,1
1021,-1.0,0.0005,1
1022,-15.0,0.0005,1
1023,-3.0,0.0005,1
1024,-3.0,0.0005,1
1025,0.0,0.0005,1
1026,-21.0,0.0005,1
1027,-1.0,0.0005,1
1028,-3.0,0.0005,1
1029,-6.0,0.0005,1
1030,-10.0,0.0005,1
1031,-1.0,0.0005,1
1032,-1.0,0.0005,1
1033,-10.0,0.0005,1
1034,-3.0,0.0005,1
1035,-6.0,0.0005,1
1036,-1.0,0.0005,1
1037,-6.0,0.0005,1
1038,-3.0,0.0005,1
1039,-3.0,0.0005,1
1040,-15.0,0.0005,1
1041,-3.0,0.0005,1
1042,-15.0,0.0005,1
1043,-6.0,0.0005,1
1044,-3.0,0.0005,1
1045,-6.0,0.0005,1
1046,-1.0,0.0005,1
1047,-3.0,0.0005,1
1048,-6.0,0.0005,1
1049,-3.0,0.0005,1
1050,-1.0,0.0005,1
1051,0.0,0.0005,1
1052,-21.0,0.0005,1
1053,0.0,0.0005,1
1054,0.0,0.0005,1
1055,-1.0,0.0005,1
1056,0.0,0.0005,1
1057,-6.0,0.0005,1
1058,-1.0,0.0005,1
1059,-6.0,0.0005,1
1060,-1.0,0.0005,1
1061,-6.0,0.0005,1
1062,-6.0,0.0005,1
1063,-21.0,0.0005,1
1064,-6.0,0.0005,1
1065,-3.0,0.0005,1
1066,-10.0,0.0005,1
1067,-1.0,0.0005,1
1068,-1.0,0.0005,1
1069,-6.0,0.0005,1
1070,-10.0,0.0005,1
1071,-10.0,0.0005,1
1072,-6.0,0.0005,1
1073,-3.0,0.0005,1
1074,-3.0,0.0005,1
1075,0.0,0.0005,1
1076,-3.0,0.0005,1
1077,-6.0,0.0005,1
1078,-3.0,0.0005,1
1079,-21.0,0.0005,1
1080,-1.0,0.0005,1
1081,-6.0,0.0005,1
1082,-6.0,0.0005,1
1083,-3.0,0.0005,1
1084,-1.0,0.0005,1
1085,-3.0,0.0005,1
1086,-10.0,0.0005,1
1087,-6.0,0.0005,1
1088,-3.0,0.0005,1
1089,-1.0,0.0005,1
1090,-3.0,0.0005,1
1091,-6.0,0.0005,1
1092,-10.0,0.0005,1
1093,-10.0,0.0005,1
1094,0.0,0.0005,1
1095,-3.0,0.0005,1
1096,-15.0,0.0005,1
1097,-1.0,0.0005,1
1098,-6.0,0.0005,1
1099,-6.0,0.0005,1
1100,-1.0,0.0005,1
1101,-15.0,0.0005,1
1102,0.0,0.0005,1
1103,0.0,0.0005,1
1104,-10.0,0.0005,1
1105,-253.0,0.0005,1
1106,-10.0,0.0005,1
1107,-1.0,0.0005,1
1108,-1.0,0.0005,1
1109,-3.0,0.0005,1
1110,-10.0,0.0005,1
1111,-10.0,0.0005,1
1112,0.0,0.0005,1
1113,-10.0,0.0005,1
1114,-15.0,0.0005,1
1115,0.0,0.0005,1
1116,-1.0,0.0005,1
1117,-3.0,0.0005,1
1118,-3.0,0.0005,1
1119,-6.0,0.0005,1
1120,-6.0,0.0005,1
1121,0.0,0.0005,1
1122,-6.0,0.0005,1
1123,-21.0,0.0005,1
1124,-1.0,0.0005,1
1125,-15.0,0.0005,1
1126,-3.0,0.0005,1
1127,-3.0,0.0005,1
1128,-3.0,0.0005,1
1129,-1.0,0.0005,1
1130,-3.0,0.0005,1
1131,-3.0,0.0005,1
1132,-15.0,0.0005,1
1133,-78.0,0.0005,1
1134,-1.0,0.0005,1
1135,-6.0,0.0005,1
1136,-10.0,0.0005,1
1137,-1.0,0.0005,1
1138,-3.0,0.0005,1
1139,-3.0,0.0005,1
1140,-3.0,0.0005,1
1141,-3.0,0.0005,1
1142,-36.0,0.0005,1
1143,-21.0,0.0005,1
1144,-6.0,0.0005,1
1145,0.0,0.0005,1
1146,-3.0,0.0005,1
1147,-3.0,0.0005,1
1148,-3.0,0.0005,1
1149,-3.0,0.0005,1
1150,-21.0,0.0005,1
1151,-3.0,0.0005,1
1152,-6.0,0.0005,1
1153,-1.0,0.0005,1
1154,-1.0,0.0005,1
1155,-10.0,0.0005,1
1156,-6.0,0.0005,1
1157,-10.0,0.0005,1
1158,-6.0,0.0005,1
1159,-3.0,0.0005,1
1160,0.0,0.0005,1
1161,-15.0,0.0005,1
1162,-10.0,0.0005,1
1163,-6.0,0.0005,1
1164,-10.0,0.0005,1
1165,-6.0,0.0005,1
1166,-6.0,0.0005,1
1167,-1.0,0.0005,1
1168,-3.0,0.0005,1
1169,-1.0,0.0005,1
1170,-6.0,0.0005,1
1171,-15.0,0.0005,1
1172,-1.0,0.0005,1
1173,-6.0,0.0005,1
1174,-1.0,0.0005,1
1175,-6.0,0.0005,1
1176,-10.0,0.0005,1
1177,-10.0,0.0005,1
1178,-1.0,0.0005,1
1179,-6.0,0.0005,1
1180,-6.0,0.0005,1
1181,-3.0,0.0005,1
1182,-1.0,0.0005,1
1183,-3.0,0.0005,1
1184,0.0,0.0005,1
1185,-3.0,0.0005,1
1186,-15.0,0.0005,1
1187,-15.0,0.0005,1
1188,-1.0,0.0005,1
1189,-3.0,0.0005,1
1190,-1.0,0.0005,1
1191,-3.0,0.0005,1
1192,-1.0,0.0005,1
1193,-3.0,0.0005,1
1194,-1.0,0.0005,1
1195,-10.0,0.0005,1
1196,-325.0,0.0005,1
1197,-3.0,0.0005,1
1198,-55.0,0.0005,1
1199,-6.0,0.0005,1
1200,-6.0,0.0005,1
1201,0.0,0.0005,1
1202,-3.0,0.0005,1
1203,-1.0,0.0005,1
1204,-3.0,0.0005,1
1205,-1.0,0.0005,1
1206,-3.0,0.0005,1
1207,-3.0,0.0005,1
1208,0.0,0.0005,1
1209,-6.0,0.0005,1
1210,-6.0,0.0005,1
1211,-1.0,0.0005,1
1212,0.0,0.0005,1
1213,-3.0,0.0005,1
1214,-3.0,0.0005,1
1215,-1.0,0.0005,1
1216,0.0,0.0005,1
1217,-1.0,0.0005,1
1218,0.0,0.0005,1
1219,-10.0,0.0005,1
1220,-3.0,0.0005,1
1221,-15.0,0.0005,1
1222,-6.0,0.0005,1
1223,-1.0,0.0005,1
1224,-15.0,0.0005,1
1225,-6.0,0.0005,1
1226,-1.0,0.0005,1
1227,-10.0,0.0005,1
1228,-10.0,0.0005,1
1229,-1.0,0.0005,1
1230,-6.0,0.0005,1
1231,-3.0,0.0005,1
1232,-10.0,0.0005,1
1233,-36.0,0.0005,1
1234,-15.0,0.0005,1
1235,-1.0,0.0005,1
1236,-3.0,0.0005,1
1237,-6.0,0.0005,1
1238,-3.0,0.0005,1
1239,-6.0,0.0005,1
1240,-6.0,0.0005,1
1241,-3.0,0.0005,1
1242,-21.0,0.0005,1
1243,-1.0,0.0005,1
1244,-6.0,0.0005,1
1245,-253.0,0.0005,1
1246,-1.0,0.0005,1
1247,-15.0,0.0005,1
1248,-10.0,0.0005,1
1249,-6.0,0.0005,1
1250,-6.0,0.0005,1
1251,-21.0,0.0005,1
1252,-3.0,0.0005,1
1253,-6.0,0.0005,1
1254,-1.0,0.0005,1
1255,-1.0,0.0005,1
1256,-3.0,0.0005,1
1257,-55.0,0.0005,1
1258,-10.0,0.0005,1
1259,0.0,0.0005,1
1260,-1.0,0.0005,1
1261,-3.0,0.0005,1
1262,-1.0,0.0005,1
1263,-6.0,0.0005,1
1264,-10.0,0.0005,1
1265,-1.0,0.0005,1
1266,-6.0,0.0005,1
1267,-3.0,0.0005,1
1268,-3.0,0.0005,1
1269,-3.0,0.0005,1
1270,-6.0,0.0005,1
1271,-3.0,0.0005,1
1272,-6.0,0.0005,1
1273,-1.0,0.0005,1
1274,0.0,0.0005,1
1275,-3.0,0.0005,1
1276,-10.0,0.0005,1
1277,-3.0,0.0005,1
1278,-1.0,0.0005,1
1279,-1.0,0.0005,1
1280,-3.0,0.0005,1
1281,-1.0,0.0005,1
1282,0.0,0.0005,1
1283,-1.0,0.0005,1
1284,-3.0,0.0005,1
1285,-10.0,0.0005,1
1286,-10.0,0.0005,1
1287,-3.0,0.0005,1
1288,-1.0,0.0005,1
1289,-3.0,0.0005,1
1290,-6.0,0.0005,1
1291,-1.0,0.0005,1
1292,-10.0,0.0005,1
1293,-3.0,0.0005,1
1294,-10.0,0.0005,1
1295,-10.0,0.0005,1
1296,-3.0,0.0005,1
1297,-10.0,0.0005,1
1298,-6.0,0.0005,1
1299,-3.0,0.0005,1
1300,0.0,0.0005,1
1301,-10.0,0.0005,1
1302,-6.0,0.0005,1
1303,-1.0,0.0005,1
1304,-1.0,0.0005,1
1305,-1.0,0.0005,1
1306,-10.0,0.0005,1
1307,-1.0,0.0005,1
1308,-1.0,0.0005,1
1309,-3.0,0.0005,1
1310,-3.0,0.0005,1
1311,-6.0,0.0005,1
1312,-1.0,0.0005,1
1313,-3.0,0.0005,1
1314,-6.0,0.0005,1
1315,-10.0,0.0005,1
1316,-6.0,0.0005,1
1317,-3.0,0.0005,1
1318,-3.0,0.0005,1
1319,-6.0,0.0005,1
1320,-10.0,0.0005,1
1321,-6.0,0.0005,1
1322,-6.0,0.0005,1
1323,-6.0,0.0005,1
1324,-6.0,0.0005,1
1325,-10.0,0.0005,1
1326,-10.0,0.0005,1
1327,-3.0,0.0005,1
1328,-3.0,0.0005,1
1329,-1.0,0.0005,1
1330,-3.0,0.0005,1
1331,-6.0,0.0005,1
1332,-6.0,0.0005,1
1333,-10.0,0.0005,1
1334,-6.0,0.0005,1
1335,-3.0,0.0005,1
1336,-3.0,0.0005,1
1337,-1.0,0.0005,1
1338,-3.0,0.0005,1
1339,-1.0,0.0005,1
1340,-1.0,0.0005,1
1341,-1.0,0.0005,1
1342,0.0,0.0005,1
1343,-3.0,0.0005,1
1344,-3.0,0.0005,1
1345,-3.0,0.0005,1
1346,-6.0,0.0005,1
1347,-6.0,0.0005,1
1348,-10.0,0.0005,1
1349,-1.0,0.0005,1
1350,0.0,0.0005,1
1351,-3.0,0.0005,1
1352,0.0,0.0005,1
1353,-3.0,0.0005,1
1354,-3.0,0.0005,1
1355,-6.0,0.0005,1
1356,-6.0,0.0005,1
1357,-6.0,0.0005,1
1358,-1.0,0.0005,1
1359,0.0,0.0005,1
1360,0.0,0.0005,1
1361,-3.0,0.0005,1
1362,-3.0,0.0005,1
1363,-3.0,0.0005,1
1364,-1.0,0.0005,1
1365,-3.0,0.0005,1
1366,-6.0,0.0005,1
1367,-15.0,0.0005,1
1368,-3.0,0.0005,1
1369,-3.0,0.0005,1
1370,-6.0,0.0005,1
1371,-1.0,0.0005,1
1372,-3.0,0.0005,1
1373,0.0,0.0005,1
1374,-1.0,0.0005,1
1375,-6.0,0.0005,1
1376,-6.0,0.0005,1
1377,0.0,0.0005,1
1378,-6.0,0.0005,1
1379,-6.0,0.0005,1
1380,-6.0,0.0005,1
1381,-6.0,0.0005,1
1382,-1.0,0.0005,1
1383,-3.0,0.0005,1
1384,-3.0,0.0005,1
1385,-3.0,0.0005,1
1386,-6.0,0.0005,1
1387,-3.0,0.0005,1
1388,-6.0,0.0005,1
1389,0.0,0.0005,1
1390,-3.0,0.0005,1
1391,-6.0,0.0005,1
1392,0.0,0.0005,1
1393,-6.0,0.0005,1
1394,-1.0,0.0005,1
1395,-6.0,0.0005,1
1396,-6.0,0.0005,1
1397,-1.0,0.0005,1
1398,0.0,0.0005,1
1399,-3.0,0.0005,1
1400,-1.0,0.0005,1
1401,-10.0,0.0005,1
1402,-6.0,0.0005,1
1403,-1.0,0.0005,1
1404,-3.0,0.0005,1
1405,-1.0,0.0005,1
1406,-10.0,0.0005,1
1407,-1.0,0.0005,1
1408,-6.0,0.0005,1
1409,-6.0,0.0005,1
1410,-6.0,0.0005,1
1411,-10.0,0.0005,1
1412,-6.0,0.0005,1
1413,-3.0,0.0005,1
1414,-10.0,0.0005,1
1415,-3.0,0.0005,1
1416,0.0,0.0005,1
1417,-6.0,0.0005,1
1418,-1.0,0.0005,1
1419,-10.0,0.0005,1
1420,-3.0,0.0005,1
1421,-1.0,0.0005,1
1422,-10.0,0.0005,1
1423,-1.0,0.0005,1
1424,-1.0,0.0005,1
1425,0.0,0.0005,1
1426,0.0,0.0005,1
1427,-1.0,0.0005,1
1428,-3.0,0.0005,1
1429,-6.0,0.0005,1
1430,-10.0,0.0005,1
1431,-14.0,0.0005,1
1432,-10.0,0.0005,1
1433,-3.0,0.0005,1
1434,0.0,0.0005,1
1435,0.0,0.0005,1
1436,0.0,0.0005,1
1437,-3.0,0.0005,1
1438,-3.0,0.0005,1
1439,-1.0,0.0005,1
1440,-3.0,0.0005,1
1441,-1.0,0.0005,1
1442,0.0,0.0005,1
1443,-3.0,0.0005,1
1444,-3.0,0.0005,1
1445,-6.0,0.0005,1
1446,-6.0,0.0005,1
1447,-28.0,0.0005,1
1448,-15.0,0.0005,1
1449,-1.0,0.0005,1
1450,-6.0,0.0005,1
1451,-3.0,0.0005,1
1452,0.0,0.0005,1
1453,-3.0,0.0005,1
1454,-6.0,0.0005,1
1455,-15.0,0.0005,1
1456,0.0,0.0005,1
1457,-6.0,0.0005,1
1458,-6.0,0.0005,1
1459,0.0,0.0005,1
1460,-1.0,0.0005,1
1461,-3.0,0.0005,1
1462,-28.0,0.0005,1
1463,-1.0,0.0005,1
1464,-1.0,0.0005,1
1465,-3.0,0.0005,1
1466,-6.0,0.0005,1
1467,-1.0,0.0005,1
1468,-1.0,0.0005,1
1469,-10.0,0.0005,1
1470,-3.0,0.0005,1
1471,-1.0,0.0005,1
1472,-10.0,0.0005,1
1473,-15.0,0.0005,1
1474,-10.0,0.0005,1
1475,-10.0,0.0005,1
1476,-6.0,0.0005,1
1477,0.0,0.0005,1
1478,0.0,0.0005,1
1479,-21.0,0.0005,1
1480,-3.0,0.0005,1
1481,-3.0,0.0005,1
1482,-1.0,0.0005,1
1483,-3.0,0.0005,1
1484,-1.0,0.0005,1
1485,-3.0,0.0005,1
1486,0.0,0.0005,1
1487,-3.0,0.0005,1
1488,-6.0,0.0005,1
1489,-3.0,0.0005,1
1490,-1.0,0.0005,1
1491,0.0,0.0005,1
1492,-6.0,0.0005,1
1493,-3.0,0.0005,1
1494,-1.0,0.0005,1
1495,0.0,0.0005,1
1496,-1.0,0.0005,1
1497,-1.0,0.0005,1
1498,-1.0,0.0005,1
1499,-15.0,0.0005,1
1500,-3.0,0.0005,1
1501,-6.0,0.0005,1
1502,0.0,0.0005,1
1503,0.0,0.0005,1
1504,0.0,0.0005,1
1505,-3.0,0.0005,1
1506,-3.0,0.0005,1
1507,-6.0,0.0005,1
1508,-10.0,0.0005,1
1509,-1.0,0.0005,1
1510,-6.0,0.0005,1
1511,0.0,0.0005,1
1512,-6.0,0.0005,1
1513,-10.0,0.0005,1
1514,-1.0,0.0005,1
1515,-3.0,0.0005,1
1516,-3.0,0.0005,1
1517,-3.0,0.0005,1
1518,-6.0,0.0005,1
1519,-3.0,0.0005,1
1520,-6.0,0.0005,1
1521,-10.0,0.0005,1
1522,-1.0,0.0005,1
1523,-10.0,0.0005,1
1524,-3.0,0.0005,1
1525,-3.0,0.0005,1
1526,0.0,0.0005,1
1527,-1.0,0.0005,1
1528,0.0,0.0005,1
1529,-3.0,0.0005,1
1530,-3.0,0.0005,1
1531,-6.0,0.0005,1
1532,-3.0,0.0005,1
1533,-3.0,0.0005,1
1534,-15.0,0.0005,1
1535,-3.0,0.0005,1
1536,-6.0,0.0005,1
1537,-3.0,0.0005,1
1538,-3.0,0.0005,1
1539,-6.0,0.0005,1
1540,-1.0,0.0005,1
1541,-1.0,0.0005,1
1542,-10.0,0.0005,1
1543,-10.0,0.0005,1
1544,-1.0,0.0005,1
1545,-6.0,0.0005,1
1546,-1.0,0.0005,1
1547,-3.0,0.0005,1
1548,-3.0,0.0005,1
1549,-28.0,0.0005,1
1550,0.0,0.0005,1
1551,-15.0,0.0005,1
1552,-10.0,0.0005,1
1553,-3.0,0.0005,1
1554,0.0,0.0005,1
1555,-6.0,0.0005,1
1556,-10.0,0.0005,1
1557,0.0,0.0005,1
1558,-1.0,0.0005,1
1559,-36.0,0.0005,1
1560,-1.0,0.0005,1
1561,-10.0,0.0005,1
1562,-6.0,0.0005,1
1563,-25.0,0.0005,1
1564,0.0,0.0005,1
1565,0.0,0.0005,1
1566,-6.0,0.0005,1
1567,-21.0,0.0005,1
1568,-10.0,0.0005,1
1569,-1.0,0.0005,1
1570,-10.0,0.0005,1
1571,-6.0,0.0005,1
1572,-1.0,0.0005,1
1573,-10.0,0.0005,1
1574,-6.0,0.0005,1
1575,-3.0,0.0005,1
1576,0.0,0.0005,1
1577,-10.0,0.0005,1
1578,-1.0,0.0005,1
1579,-1.0,0.0005,1
1580,-3.0,0.0005,1
1581,-3.0,0.0005,1
1582,0.0,0.0005,1
1583,-3.0,0.0005,1
1584,-15.0,0.0005,1
1585,-6.0,0.0005,1
1586,-3.0,0.0005,1
1587,-1.0,0.0005,1
1588,-10.0,0.0005,1
1589,-1.0,0.0005,1
1590,-6.0,0.0005,1
1591,-3.0,0.0005,1
1592,-10.0,0.0005,1
1593,-3.0,0.0005,1
1594,-1.0,0.0005,1
1595,-10.0,0.0005,1
1596,-3.0,0.0005,1
1597,-6.0,0.0005,1
1598,-3.0,0.0005,1
1599,-10.0,0.0005,1
1600,-10.0,0.0005,1
1601,-1.0,0.0005,1
1602,-10.0,0.0005,1
1603,-1.0,0.0005,1
1604,-3.0,0.0005,1
1605,-21.0,0.0005,1
1606,-3.0,0.0005,1
1607,-3.0,0.0005,1
1608,0.0,0.0005,1
1609,-1.0,0.0005,1
1610,0.0,0.0005,1
1611,-3.0,0.0005,1
1612,-28.0,0.0005,1
1613,-6.0,0.0005,1
1614,-6.0,0.0005,1
1615,-6.0,0.0005,1
1616,-3.0,0.0005,1
1617,-6.0,0.0005,1
1618,-3.0,0.0005,1
1619,-6.0,0.0005,1
1620,-1.0,0.0005,1
1621,-6.0,0.0005,1
1622,-6.0,0.0005,1
1623,-6.0,0.0005,1
1624,-3.0,0.0005,1
1625,0.0,0.0005,1
1626,-10.0,0.0005,1
1627,-1.0,0.0005,1
1628,0.0,0.0005,1
1629,0.0,0.0005,1
1630,-6.0,0.0005,1
1631,-1.0,0.0005,1
1632,0.0,0.0005,1
1633,0.0,0.0005,1
1634,-3.0,0.0005,1
1635,0.0,0.0005,1
1636,-1.0,0.0005,1
1637,-1.0,0.0005,1
1638,-1.0,0.0005,1
1639,-1.0,0.0005,1
1640,-1.0,0.0005,1
1641,-1.0,0.0005,1
1642,-1.0,0.0005,1
1643,-3.0,0.0005,1
1644,-15.0,0.0005,1
1645,-6.0,0.0005,1
1646,-6.0,0.0005,1
1647,0.0,0.0005,1
1648,-3.0,0.0005,1
1649,-15.0,0.0005,1
1650,-3.0,0.0005,1
1651,-3.0,0.0005,1
1652,-1.0,0.0005,1
1653,0.0,0.0005,1
1654,-1.0,0.0005,1
1655,-3.0,0.0005,1
1656,-3.0,0.0005,1
1657,-1.0,0.0005,1
1658,-1.0,0.0005,1
1659,-10.0,0.0005,1
1660,-10.0,0.0005,1
1661,0.0,0.0005,1
1662,-3.0,0.0005,1
1663,-10.0,0.0005,1
1664,-3.0,0.0005,1
1665,-1.0,0.0005,1
1666,-1.0,0.0005,1
1667,-10.0,0.0005,1
1668,-3.0,0.0005,1
1669,-1.0,0.0005,1
1670,-3.0,0.0005,1
1671,-1.0,0.0005,1
1672,0.0,0.0005,1
1673,-10.0,0.0005,1
1674,-6.0,0.0005,1
1675,-15.0,0.0005,1
1676,-3.0,0.0005,1
1677,-3.0,0.0005,1
1678,-1.0,0.0005,1
1679,-6.0,0.0005,1
1680,-1.0,0.0005,1
1681,-1.0,0.0005,1
1682,-10.0,0.0005,1
1683,0.0,0.0005,1
1684,-6.0,0.0005,1
1685,-1.0,0.0005,1
1686,-1.0,0.0005,1
1687,-1.0,0.0005,1
1688,-1.0,0.0005,1
1689,-1.0,0.0005,1
1690,-15.0,0.0005,1
1691,-3.0,0.0005,1
1692,-3.0,0.0005,1
1693,-6.0,0.0005,1
1694,-6.0,0.0005,1
1695,-6.0,0.0005,1
1696,-1.0,0.0005,1
1697,-1.0,0.0005,1
1698,0.0,0.0005,1
1699,-6.0,0.0005,1
1700,-10.0,0.0005,1
1701,-1.0,0.0005,1
1702,-3.0,0.0005,1
1703,0.0,0.0005,1
1704,-15.0,0.0005,1
1705,-3.0,0.0005,1
1706,-6.0,0.0005,1
1707,-3.0,0.0005,1
1708,-3.0,0.0005,1
1709,-3.0,0.0005,1
1710,-3.0,0.0005,1
1711,-6.0,0.0005,1
1712,-3.0,0.0005,1
1713,-3.0,0.0005,1
1714,-10.0,0.0005,1
1715,-1.0,0.0005,1
1716,-6.0,0.0005,1
1717,-15.0,0.0005,1
1718,-6.0,0.0005,1
1719,-6.0,0.0005,1
1720,-3.0,0.0005,1
1721,0.0,0.0005,1
1722,-3.0,0.0005,1
1723,-3.0,0.0005,1
1724,-6.0,0.0005,1
1725,-1.0,0.0005,1
1726,-1.0,0.0005,1
1727,-1.0,0.0005,1
1728,-1.0,0.0005,1
1729,-1.0,0.0005,1
1730,-3.0,0.0005,1
1731,0.0,0.0005,1
1732,-3.0,0.0005,1
1733,-3.0,0.0005,1
1734,-6.0,0.0005,1
1735,-10.0,0.0005,1
1736,-3.0,0.0005,1
1737,-6.0,0.0005,1
1738,-1.0,0.0005,1
1739,-10.0,0.0005,1
1740,0.0,0.0005,1
1741,0.0,0.0005,1
1742,-1.0,0.0005,1
1743,-3.0,0.0005,1
1744,-1.0,0.0005,1
1745,-1.0,0.0005,1
1746,-15.0,0.0005,1
1747,0.0,0.0005,1
1748,-15.0,0.0005,1
1749,-10.0,0.0005,1
1750,-1.0,0.0005,1
1751,-6.0,0.0005,1
1752,-28.0,0.0005,1
1753,-3.0,0.0005,1
1754,-1.0,0.0005,1
1755,-10.0,0.0005,1
1756,-6.0,0.0005,1
1757,-6.0,0.0005,1
1758,-1.0,0.0005,1
1759,-3.0,0.0005,1
1760,-1.0,0.0005,1
1761,-6.0,0.0005,1
1762,-15.0,0.0005,1
1763,-6.0,0.0005,1
1764,-1.0,0.0005,1
1765,0.0,0.0005,1
1766,-21.0,0.0005,1
1767,-6.0,0.0005,1
1768,-3.0,0.0005,1
1769,-3.0,0.0005,1
1770,-10.0,0.0005,1
1771,-3.0,0.0005,1
1772,-15.0,0.0005,1
1773,-3.0,0.0005,1
1774,-3.0,0.0005,1
1775,-3.0,0.0005,1
1776,-6.0,0.0005,1
1777,-15.0,0.0005,1
1778,-6.0,0.0005,1
1779,-1.0,0.0005,1
1780,-15.0,0.0005,1
1781,0.0,0.0005,1
1782,-3.0,0.0005,1
1783,-3.0,0.0005,1
1784,-6.0,0.0005,1
1785,-1.0,0.0005,1
1786,-3.0,0.0005,1
1787,-3.0,0.0005,1
1788,-3.0,0.0005,1
1789,-10.0,0.0005,1
1790,-1.0,0.0005,1
1791,-6.0,0.0005,1
1792,-3.0,0.0005,1
1793,-3.0,0.0005,1
1794,-6.0,0.0005,1
1795,0.0,0.0005,1
1796,0.0,0.0005,1
1797,-21.0,0.0005,1
1798,-3.0,0.0005,1
1799,-3.0,0.0005,1
1800,-3.0,0.0005,1
1801,0.0,0.0005,1
1802,-6.0,0.0005,1
1803,-6.0,0.0005,1
1804,-3.0,0.0005,1
1805,0.0,0.0005,1
1806,-6.0,0.0005,1
1807,-1.0,0.0005,1
1808,0.0,0.0005,1
1809,-1.0,0.0005,1
1810,-15.0,0.0005,1
1811,-1.0,0.0005,1
1812,-3.0,0.0005,1
1813,-10.0,0.0005,1
1814,-3.0,0.0005,1
1815,-1.0,0.0005,1
1816,-6.0,0.0005,1
1817,-1.0,0.0005,1
1818,-6.0,0.0005,1
1819,0.0,0.0005,1
1820,-3.0,0.0005,1
1821,-3.0,0.0005,1
1822,-3.0,0.0005,1
1823,-6.0,0.0005,1
1824,-3.0,0.0005,1
1825,-3.0,0.0005,1
1826,-1.0,0.0005,1
1827,-3.0,0.0005,1
1828,-10.0,0.0005,1
1829,-3.0,0.0005,1
1830,-10.0,0.0005,1
1831,-1.0,0.0005,1
1832,-6.0,0.0005,1
1833,-10.0,0.0005,1
1834,-6.0,0.0005,1
1835,-3.0,0.0005,1
1836,-15.0,0.0005,1
1837,-1.0,0.0005,1
1838,-15.0,0.0005,1
1839,-10.0,0.0005,1
1840,-1.0,0.0005,1
1841,-3.0,0.0005,1
1842,-10.0,0.0005,1
1843,0.0,0.0005,1
1844,-6.0,0.0005,1
1845,-1.0,0.0005,1
1846,-6.0,0.0005,1
1847,-10.0,0.0005,1
1848,-10.0,0.0005,1
1849,0.0,0.0005,1
1850,0.0,0.0005,1
1851,-10.0,0.0005,1
1852,-15.0,0.0005,1
1853,-10.0,0.0005,1
1854,-1.0,0.0005,1
1855,-15.0,0.0005,1
1856,-15.0,0.0005,1
1857,-3.0,0.0005,1
1858,-3.0,0.0005,1
1859,-10.0,0.0005,1
1860,-10.0,0.0005,1
1861,-3.0,0.0005,1
1862,-3.0,0.0005,1
1863,0.0,0.0005,1
1864,-3.0,0.0005,1
1865,-6.0,0.0005,1
1866,-6.0,0.0005,1
1867,-3.0,0.0005,1
1868,-6.0,0.0005,1
1869,-3.0,0.0005,1
1870,-1.0,0.0005,1
1871,-1.0,0.0005,1
1872,-3.0,0.0005,1
1873,-6.0,0.0005,1
1874,-6.0,0.0005,1
1875,-6.0,0.0005,1
1876,-15.0,0.0005,1
1877,-6.0,0.0005,1
1878,-1.0,0.0005,1
1879,-3.0,0.0005,1
1880,-1.0,0.0005,1
1881,-3.0,0.0005,1
1882,-6.0,0.0005,1
1883,-1.0,0.0005,1
1884,-10.0,0.0005,1
1885,-10.0,0.0005,1
1886,-10.0,0.0005,1
1887,-10.0,0.0005,1
1888,-6.0,0.0005,1
1889,-10.0,0.0005,1
1890,-6.0,0.0005,1
1891,-6.0,0.0005,1
1892,-6.0,0.0005,1
1893,-10.0,0.0005,1
1894,-59.0,0.0005,1
1895,-15.0,0.0005,1
1896,-3.0,0.0005,1
1897,-3.0,0.0005,1
1898,-1.0,0.0005,1
1899,-1.0,0.0005,1
1900,-6.0,0.0005,1
1901,-10.0,0.0005,1
1902,-1.0,0.0005,1
1903,-3.0,0.0005,1
1904,-6.0,0.0005,1
1905,-3.0,0.0005,1
1906,-3.0,0.0005,1
1907,-10.0,0.0005,1
1908,-10.0,0.0005,1
1909,-1.0,0.0005,1
1910,-6.0,0.0005,1
1911,-6.0,0.0005,1
1912,-1.0,0.0005,1
1913,-1.0,0.0005,1
1914,-3.0,0.0005,1
1915,-3.0,0.0005,1
1916,-6.0,0.0005,1
1917,-3.0,0.0005,1
1918,-1.0,0.0005,1
1919,-3.0,0.0005,1
1920,-1.0,0.0005,1
1921,-55.0,0.0005,1
1922,-6.0,0.0005,1
1923,-1.0,0.0005,1
1924,-1.0,0.0005,1
1925,-1.0,0.0005,1
1926,-1.0,0.0005,1
1927,0.0,0.0005,1
1928,0.0,0.0005,1
1929,0.0,0.0005,1
1930,-1.0,0.0005,1
1931,0.0,0.0005,1
1932,-10.0,0.0005,1
1933,0.0,0.0005,1
1934,-3.0,0.0005,1
1935,-10.0,0.0005,1
1936,-10.0,0.0005,1
1937,-10.0,0.0005,1
1938,-1.0,0.0005,1
1939,-6.0,0.0005,1
1940,-1.0,0.0005,1
1941,-6.0,0.0005,1
1942,-3.0,0.0005,1
1943,0.0,0.0005,1
1944,-3.0,0.0005,1
1945,0.0,0.0005,1
1946,0.0,0.0005,1
1947,-6.0,0.0005,1
1948,0.0,0.0005,1
1949,-6.0,0.0005,1
1950,0.0,0.0005,1
1951,-3.0,0.0005,1
1952,-10.0,0.0005,1
1953,-21.0,0.0005,1
1954,-10.0,0.0005,1
1955,-6.0,0.0005,1
1956,-10.0,0.0005,1
1957,-6.0,0.0005,1
1958,-3.0,0.0005,1
1959,-3.0,0.0005,1
1960,-6.0,0.0005,1
1961,0.0,0.0005,1
1962,-10.0,0.0005,1
1963,-1.0,0.0005,1
1964,-3.0,0.0005,1
1965,-3.0,0.0005,1
1966,0.0,0.0005,1
1967,-6.0,0.0005,1
1968,-1.0,0.0005,1
1969,-1.0,0.0005,1
1970,-21.0,0.0005,1
1971,-1.0,0.0005,1
1972,-3.0,0.0005,1
1973,0.0,0.0005,1
1974,-10.0,0.0005,1
1975,-10.0,0.0005,1
1976,0.0,0.0005,1
1977,-1.0,0.0005,1
1978,0.0,0.0005,1
1979,-10.0,0.0005,1
1980,-1.0,0.0005,1
1981,-6.0,0.0005,1
1982,-1.0,0.0005,1
1983,-10.0,0.0005,1
1984,-10.0,0.0005,1
1985,-6.0,0.0005,1
1986,-3.0,0.0005,1
1987,-21.0,0.0005,1
1988,-3.0,0.0005,1
1989,-3.0,0.0005,1
1990,-6.0,0.0005,1
1991,-6.0,0.0005,1
1992,-3.0,0.0005,1
1993,-36.0,0.0005,1
1994,-1.0,0.0005,1
1995,-3.0,0.0005,1
1996,-1.0,0.0005,1
1997,-10.0,0.0005,1
1998,-6.0,0.0005,1
1999,-3.0,0.0005,1
2000,-10.0,0.0005,1
2001,-1.0,0.0005,1
2002,-1.0,0.0005,1
2003,-6.0,0.0005,1
2004,-10.0,0.0005,1
2005,-3.0,0.0005,1
2006,-3.0,0.0005,1
2007,-3.0,0.0005,1
2008,-6.0,0.0005,1
2009,-3.0,0.0005,1
2010,0.0,0.0005,1
2011,-10.0,0.0005,1
2012,-15.0,0.0005,1
2013,-1.0,0.0005,1
2014,-1.0,0.0005,1
2015,-6.0,0.0005,1
2016,-1.0,0.0005,1
2017,-10.0,0.0005,1
2018,-21.0,0.0005,1
2019,-3.0,0.0005,1
2020,-6.0,0.0005,1
2021,0.0,0.0005,1
2022,0.0,0.0005,1
2023,-1.0,0.0005,1
2024,-1.0,0.0005,1
2025,-28.0,0.0005,1
2026,-15.0,0.0005,1
2027,-3.0,0.0005,1
2028,-1.0,0.0005,1
2029,-10.0,0.0005,1
2030,-3.0,0.0005,1
2031,-28.0,0.0005,1
2032,-1.0,0.0005,1
2033,-3.0,0.0005,1
2034,-10.0,0.0005,1
2035,-6.0,0.0005,1
2036,-10.0,0.0005,1
2037,-3.0,0.0005,1
2038,-3.0,0.0005,1
2039,-1.0,0.0005,1
2040,-10.0,0.0005,1
2041,-6.0,0.0005,1
2042,-3.0,0.0005,1
2043,-3.0,0.0005,1
2044,-6.0,0.0005,1
2045,-1.0,0.0005,1
2046,-15.0,0.0005,1
2047,-3.0,0.0005,1
2048,-6.0,0.0005,1
2049,-15.0,0.0005,1
2050,-3.0,0.0005,1
2051,-6.0,0.0005,1
2052,-1.0,0.0005,1
2053,-1.0,0.0005,1
2054,0.0,0.0005,1
2055,-3.0,0.0005,1
2056,-6.0,0.0005,1
2057,-6.0,0.0005,1
2058,-3.0,0.0005,1
2059,-1.0,0.0005,1
2060,-3.0,0.0005,1
2061,-1.0,0.0005,1
2062,-6.0,0.0005,1
2063,-6.0,0.0005,1
2064,-1.0,0.0005,1
2065,-3.0,0.0005,1
2066,-3.0,0.0005,1
2067,-10.0,0.0005,1
2068,-15.0,0.0005,1
2069,-15.0,0.0005,1
2070,-1.0,0.0005,1
2071,-3.0,0.0005,1
2072,-29.0,0.0005,1
2073,0.0,0.0005,1
2074,0.0,0.0005,1
2075,-6.0,0.0005,1
2076,-3.0,0.0005,1
2077,-3.0,0.0005,1
2078,-3.0,0.0005,1
2079,-3.0,0.0005,1
2080,-3.0,0.0005,1
2081,0.0,0.0005,1
2082,-10.0,0.0005,1
2083,-3.0,0.0005,1
2084,0.0,0.0005,1
2085,0.0,0.0005,1
2086,0.0,0.0005,1
2087,0.0,0.0005,1
2088,0.0,0.0005,1
2089,-3.0,0.0005,1
2090,-15.0,0.0005,1
2091,-10.0,0.0005,1
2092,0.0,0.0005,1
2093,0.0,0.0005,1
2094,-6.0,0.0005,1
2095,-3.0,0.0005,1
2096,-1.0,0.0005,1
2097,-1.0,0.0005,1
2098,-3.0,0.0005,1
2099,-3.0,0.0005,1
2100,-3.0,0.0005,1
2101,-3.0,0.0005,1
2102,-10.0,0.0005,1
2103,-6.0,0.0005,1
2104,-15.0,0.0005,1
2105,-1.0,0.0005,1
2106,-3.0,0.0005,1
2107,-10.0,0.0005,1
2108,-3.0,0.0005,1
2109,-6.0,0.0005,1
2110,-3.0,0.0005,1
2111,0.0,0.0005,1
2112,-10.0,0.0005,1
2113,-6.0,0.0005,1
2114,-15.0,0.0005,1
2115,-3.0,0.0005,1
2116,-1.0,0.0005,1
2117,-1.0,0.0005,1
2118,-6.0,0.0005,1
2119,-15.0,0.0005,1
2120,-3.0,0.0005,1
2121,-1.0,0.0005,1
2122,-10.0,0.0005,1
2123,-1.0,0.0005,1
2124,-6.0,0.0005,1
2125,-1.0,0.0005,1
2126,-3.0,0.0005,1
2127,-6.0,0.0005,1
2128,-1.0,0.0005,1
2129,-6.0,0.0005,1
2130,-15.0,0.0005,1
2131,-15.0,0.0005,1
2132,-10.0,0.0005,1
2133,-6.0,0.0005,1
2134,-10.0,0.0005,1
2135,-1.0,0.0005,1
2136,-15.0,0.0005,1
2137,0.0,0.0005,1
2138,0.0,0.0005,1
2139,-1.0,0.0005,1
2140,-3.0,0.0005,1
2141,0.0,0.0005,1
2142,-6.0,0.0005,1
2143,0.0,0.0005,1
2144,-10.0,0.0005,1
2145,-3.0,0.0005,1
2146,-6.0,0.0005,1
2147,-1.0,0.0005,1
2148,-3.0,0.0005,1
2149,-3.0,0.0005,1
2150,-3.0,0.0005,1
2151,-3.0,0.0005,1
2152,-15.0,0.0005,1
2153,-1.0,0.0005,1
2154,-6.0,0.0005,1
2155,-6.0,0.0005,1
2156,-1.0,0.0005,1
2157,0.0,0.0005,1
2158,-3.0,0.0005,1
2159,-15.0,0.0005,1
2160,-10.0,0.0005,1
2161,-15.0,0.0005,1
2162,-1.0,0.0005,1
2163,-1.0,0.0005,1
2164,-1.0,0.0005,1
2165,-1.0,0.0005,1
2166,-1.0,0.0005,1
2167,-3.0,0.0005,1
2168,-10.0,0.0005,1
2169,-6.0,0.0005,1
2170,0.0,0.0005,1
2171,-1.0,0.0005,1
2172,-15.0,0.0005,1
2173,-10.0,0.0005,1
2174,-3.0,0.0005,1
2175,-3.0,0.0005,1
2176,-6.0,0.0005,1
2177,-10.0,0.0005,1
2178,0.0,0.0005,1
2179,0.0,0.0005,1
2180,-6.0,0.0005,1
2181,-6.0,0.0005,1
2182,-6.0,0.0005,1
2183,-6.0,0.0005,1
2184,-3.0,0.0005,1
2185,-10.0,0.0005,1
2186,-1.0,0.0005,1
2187,0.0,0.0005,1
2188,-1.0,0.0005,1
2189,-1.0,0.0005,1
2190,0.0,0.0005,1
2191,-1.0,0.0005,1
2192,-6.0,0.0005,1
2193,-10.0,0.0005,1
2194,-28.0,0.0005,1
2195,-3.0,0.0005,1
2196,-3.0,0.0005,1
2197,-10.0,0.0005,1
2198,-6.0,0.0005,1
2199,-6.0,0.0005,1
2200,-1.0,0.0005,1
2201,0.0,0.0005,1
2202,-15.0,0.0005,1
2203,0.0,0.0005,1
2204,-3.0,0.0005,1
2205,0.0,0.0005,1
2206,-6.0,0.0005,1
2207,-3.0,0.0005,1
2208,0.0,0.0005,1
2209,-21.0,0.0005,1
2210,-3.0,0.0005,1
2211,-10.0,0.0005,1
2212,-1.0,0.0005,1
2213,0.0,0.0005,1
2214,-15.0,0.0005,1
2215,-6.0,0.0005,1
2216,-1.0,0.0005,1
2217,-3.0,0.0005,1
2218,-21.0,0.0005,1
2219,-1.0,0.0005,1
2220,-1.0,0.0005,1
2221,-1.0,0.0005,1
2222,0.0,0.0005,1
2223,-6.0,0.0005,1
2224,-1.0,0.0005,1
2225,-3.0,0.0005,1
2226,-15.0,0.0005,1
2227,-3.0,0.0005,1
2228,-1.0,0.0005,1
2229,-1.0,0.0005,1
2230,-15.0,0.0005,1
2231,-3.0,0.0005,1
2232,0.0,0.0005,1
2233,-3.0,0.0005,1
2234,-3.0,0.0005,1
2235,-3.0,0.0005,1
2236,-3.0,0.0005,1
2237,0.0,0.0005,1
2238,-6.0,0.0005,1
2239,-10.0,0.0005,1
2240,-1.0,0.0005,1
2241,0.0,0.0005,1
2242,-6.0,0.0005,1
2243,-3.0,0.0005,1
2244,-6.0,0.0005,1
2245,-15.0,0.0005,1
2246,-6.0,0.0005,1
2247,-10.0,0.0005,1
2248,0.0,0.0005,1
2249,-15.0,0.0005,1
2250,-15.0,0.0005,1
2251,0.0,0.0005,1
2252,-1.0,0.0005,1
2253,-3.0,0.0005,1
2254,-3.0,0.0005,1
2255,-6.0,0.0005,1
2256,-1.0,0.0005,1
2257,-3.0,0.0005,1
2258,-32.0,0.0005,1
2259,-3.0,0.0005,1
2260,-1.0,0.0005,1
2261,-3.0,0.0005,1
2262,-1.0,0.0005,1
2263,-6.0,0.0005,1
2264,-3.0,0.0005,1
2265,-6.0,0.0005,1
2266,-1.0,0.0005,1
2267,0.0,0.0005,1
2268,-3.0,0.0005,1
2269,-1.0,0.0005,1
2270,0.0,0.0005,1
2271,-1.0,0.0005,1
2272,-3.0,0.0005,1
2273,-6.0,0.0005,1
2274,-3.0,0.0005,1
2275,-6.0,0.0005,1
2276,-3.0,0.0005,1
2277,-36.0,0.0005,1
2278,-1.0,0.0005,1
2279,0.0,0.0005,1
2280,-3.0,0.0005,1
2281,0.0,0.0005,1
2282,-1.0,0.0005,1
2283,-3.0,0.0005,1
2284,-1.0,0.0005,1
2285,-3.0,0.0005,1
2286,-3.0,0.0005,1
2287,0.0,0.0005,1
2288,-1.0,0.0005,1
2289,-3.0,0.0005,1
2290,-6.0,0.0005,1
2291,-10.0,0.0005,1
2292,-1.0,0.0005,1
2293,-10.0,0.0005,1
2294,-3.0,0.0005,1
2295,-1.0,0.0005,1
2296,-10.0,0.0005,1
2297,-6.0,0.0005,1
2298,-3.0,0.0005,1
2299,-1.0,0.0005,1
2300,-6.0,0.0005,1
2301,-1.0,0.0005,1
2302,-1.0,0.0005,1
2303,0.0,0.0005,1
2304,-21.0,0.0005,1
2305,-10.0,0.0005,1
2306,0.0,0.0005,1
2307,-3.0,0.0005,1
2308,-3.0,0.0005,1
2309,-3.0,0.0005,1
2310,-6.0,0.0005,1
2311,-1.0,0.0005,1
2312,-10.0,0.0005,1
2313,-1.0,0.0005,1
2314,-1.0,0.0005,1
2315,0.0,0.0005,1
2316,-15.0,0.0005,1
2317,-3.0,0.0005,1
2318,0.0,0.0005,1
2319,-1.0,0.0005,1
2320,-6.0,0.0005,1
2321,-10.0,0.0005,1
2322,-6.0,0.0005,1
2323,-6.0,0.0005,1
2324,0.0,0.0005,1
2325,-15.0,0.0005,1
2326,-15.0,0.0005,1
2327,-3.0,0.0005,1
2328,-1.0,0.0005,1
2329,-6.0,0.0005,1
2330,-15.0,0.0005,1
2331,-6.0,0.0005,1
2332,-3.0,0.0005,1
2333,0.0,0.0005,1
2334,-3.0,0.0005,1
2335,-3.0,0.0005,1
2336,-3.0,0.0005,1
2337,-3.0,0.0005,1
2338,-10.0,0.0005,1
2339,-21.0,0.0005,1
2340,-6.0,0.0005,1
2341,-1.0,0.0005,1
2342,0.0,0.0005,1
2343,0.0,0.0005,1
2344,-3.0,0.0005,1
2345,-6.0,0.0005,1
2346,-3.0,0.0005,1
2347,-6.0,0.0005,1
2348,-3.0,0.0005,1
2349,-1.0,0.0005,1
2350,-3.0,0.0005,1
2351,-15.0,0.0005,1
2352,-1.0,0.0005,1
2353,-3.0,0.0005,1
2354,-6.0,0.0005,1
2355,-3.0,0.0005,1
2356,0.0,0.0005,1
2357,-6.0,0.0005,1
2358,-1.0,0.0005,1
2359,-15.0,0.0005,1
2360,0.0,0.0005,1
2361,-1.0,0.0005,1
2362,-3.0,0.0005,1
2363,-10.0,0.0005,1
2364,-10.0,0.0005,1
2365,-3.0,0.0005,1
2366,-6.0,0.0005,1
2367,-6.0,0.0005,1
2368,-15.0,0.0005,1
2369,-6.0,0.0005,1
2370,-6.0,0.0005,1
2371,-1.0,0.0005,1
2372,-6.0,0.0005,1
2373,-3.0,0.0005,1
2374,-3.0,0.0005,1
2375,-3.0,0.0005,1
2376,0.0,0.0005,1
2377,-10.0,0.0005,1
2378,-1.0,0.0005,1
2379,-10.0,0.0005,1
2380,-3.0,0.0005,1
2381,0.0,0.0005,1
2382,-10.0,0.0005,1
2383,0.0,0.0005,1
2384,-3.0,0.0005,1
2385,0.0,0.0005,1
2386,-3.0,0.0005,1
2387,-3.0,0.0005,1
2388,-15.0,0.0005,1
2389,-15.0,0.0005,1
2390,-15.0,0.0005,1
2391,-3.0,0.0005,1
2392,-1.0,0.0005,1
2393,-1.0,0.0005,1
2394,-3.0,0.0005,1
2395,-3.0,0.0005,1
2396,-6.0,0.0005,1
2397,-3.0,0.0005,1
2398,-1.0,0.0005,1
2399,-1.0,0.0005,1
2400,-10.0,0.0005,1
2401,-28.0,0.0005,1
2402,-6.0,0.0005,1
2403,-3.0,0.0005,1
2404,-6.0,0.0005,1
2405,0.0,0.0005,1
2406,-3.0,0.0005,1
2407,-6.0,0.0005,1
2408,-3.0,0.0005,1
2409,-1.0,0.0005,1
2410,-6.0,0.0005,1
2411,0.0,0.0005,1
2412,-1.0,0.0005,1
2413,-1.0,0.0005,1
2414,-1.0,0.0005,1
2415,-171.0,0.0005,1
2416,-3.0,0.0005,1
2417,-3.0,0.0005,1
2418,-1.0,0.0005,1
2419,-10.0,0.0005,1
2420,-15.0,0.0005,1
2421,0.0,0.0005,1
2422,-15.0,0.0005,1
2423,-21.0,0.0005,1
2424,-1.0,0.0005,1
2425,-3.0,0.0005,1
2426,-15.0,0.0005,1
2427,0.0,0.0005,1
2428,-6.0,0.0005,1
2429,-10.0,0.0005,1
2430,-10.0,0.0005,1
2431,-1.0,0.0005,1
2432,-1.0,0.0005,1
2433,-3.0,0.0005,1
2434,-6.0,0.0005,1
2435,-6.0,0.0005,1
2436,-10.0,0.0005,1
2437,-6.0,0.0005,1
2438,-1.0,0.0005,1
2439,-10.0,0.0005,1
2440,0.0,0.0005,1
2441,-1.0,0.0005,1
2442,0.0,0.0005,1
2443,-6.0,0.0005,1
2444,-21.0,0.0005,1
2445,-6.0,0.0005,1
2446,-21.0,0.0005,1
2447,-1.0,0.0005,1
2448,-3.0,0.0005,1
2449,-6.0,0.0005,1
2450,-3.0,0.0005,1
2451,-1.0,0.0005,1
2452,-1.0,0.0005,1
2453,0.0,0.0005,1
2454,-3.0,0.0005,1
2455,-3.0,0.0005,1
2456,-3.0,0.0005,1
2457,-3.0,0.0005,1
2458,-1.0,0.0005,1
2459,-3.0,0.0005,1
2460,0.0,0.0005,1
2461,0.0,0.0005,1
2462,-10.0,0.0005,1
2463,-3.0,0.0005,1
2464,0.0,0.0005,1
2465,-6.0,0.0005,1
2466,-3.0,0.0005,1
2467,-1.0,0.0005,1
2468,-1.0,0.0005,1
2469,-6.0,0.0005,1
2470,-3.0,0.0005,1
2471,-15.0,0.0005,1
2472,0.0,0.0005,1
2473,-15.0,0.0005,1
2474,-1.0,0.0005,1
2475,-1.0,0.0005,1
2476,-1.0,0.0005,1
2477,-1.0,0.0005,1
2478,-1.0,0.0005,1
2479,-6.0,0.0005,1
2480,0.0,0.0005,1
2481,-10.0,0.0005,1
2482,-3.0,0.0005,1
2483,-21.0,0.0005,1
2484,-15.0,0.0005,1
2485,-1.0,0.0005,1
2486,-3.0,0.0005,1
2487,-10.0,0.0005,1
2488,-253.0,0.0005,1
2489,-3.0,0.0005,1
2490,-1.0,0.0005,1
2491,-3.0,0.0005,1
2492,-6.0,0.0005,1
2493,0.0,0.0005,1
2494,0.0,0.0005,1
2495,-3.0,0.0005,1
2496,-3.0,0.0005,1
2497,-3.0,0.0005,1
2498,-1.0,0.0005,1
2499,0.0,0.0005,1
2500,-6.0,0.0005,1
2501,-3.0,0.0005,1
2502,-3.0,0.0005,1
2503,-6.0,0.0005,1
2504,-1.0,0.0005,1
2505,-3.0,0.0005,1
2506,-3.0,0.0005,1
2507,-3.0,0.0005,1
2508,-1.0,0.0005,1
2509,-10.0,0.0005,1
2510,-10.0,0.0005,1
2511,-3.0,0.0005,1
2512,-10.0,0.0005,1
2513,-3.0,0.0005,1
2514,-6.0,0.0005,1
2515,-6.0,0.0005,1
2516,-10.0,0.0005,1
2517,-1.0,0.0005,1
2518,-3.0,0.0005,1
2519,-1.0,0.0005,1
2520,-6.0,0.0005,1
2521,-1.0,0.0005,1
2522,-1.0,0.0005,1
2523,-15.0,0.0005,1
2524,-1.0,0.0005,1
2525,-10.0,0.0005,1
2526,0.0,0.0005,1
2527,-15.0,0.0005,1
2528,-10.0,0.0005,1
2529,-3.0,0.0005,1
2530,-1.0,0.0005,1
2531,-1.0,0.0005,1
2532,0.0,0.0005,1
2533,-3.0,0.0005,1
2534,-3.0,0.0005,1
2535,-10.0,0.0005,1
2536,-10.0,0.0005,1
2537,-3.0,0.0005,1
2538,-210.0,0.0005,1
2539,-3.0,0.0005,1
2540,-1.0,0.0005,1
2541,-1.0,0.0005,1
2542,-1.0,0.0005,1
2543,0.0,0.0005,1
2544,-6.0,0.0005,1
2545,0.0,0.0005,1
2546,-10.0,0.0005,1
2547,-28.0,0.0005,1
2548,-1.0,0.0005,1
2549,-3.0,0.0005,1
2550,-3.0,0.0005,1
2551,0.0,0.0005,1
2552,-406.0,0.0005,1
2553,-1.0,0.0005,1
2554,-6.0,0.0005,1
2555,-6.0,0.0005,1
2556,0.0,0.0005,1
2557,-3.0,0.0005,1
2558,-10.0,0.0005,1
2559,-10.0,0.0005,1
2560,-6.0,0.0005,1
2561,-3.0,0.0005,1
2562,-10.0,0.0005,1
2563,-1.0,0.0005,1
2564,-3.0,0.0005,1
2565,-1.0,0.0005,1
2566,0.0,0.0005,1
2567,-1.0,0.0005,1
2568,-3.0,0.0005,1
2569,-10.0,0.0005,1
2570,-3.0,0.0005,1
2571,-6.0,0.0005,1
2572,-21.0,0.0005,1
2573,-3.0,0.0005,1
2574,-6.0,0.0005,1
2575,-6.0,0.0005,1
2576,-6.0,0.0005,1
2577,0.0,0.0005,1
2578,-6.0,0.0005,1
2579,-6.0,0.0005,1
2580,-3.0,0.0005,1
2581,-1.0,0.0005,1
2582,-6.0,0.0005,1
2583,-10.0,0.0005,1
2584,-3.0,0.0005,1
2585,-6.0,0.0005,1
2586,-6.0,0.0005,1
2587,-3.0,0.0005,1
2588,-1.0,0.0005,1
2589,-10.0,0.0005,1
2590,-6.0,0.0005,1
2591,-10.0,0.0005,1
2592,-1.0,0.0005,1
2593,-1.0,0.0005,1
2594,-6.0,0.0005,1
2595,0.0,0.0005,1
2596,-6.0,0.0005,1
2597,-6.0,0.0005,1
2598,-21.0,0.0005,1
2599,-15.0,0.0005,1
2600,-1.0,0.0005,1
2601,-10.0,0.0005,1
2602,-3.0,0.0005,1
2603,-6.0,0.0005,1
2604,0.0,0.0005,1
2605,-10.0,0.0005,1
2606,-6.0,0.0005,1
2607,-3.0,0.0005,1
2608,-6.0,0.0005,1
2609,-3.0,0.0005,1
2610,-6.0,0.0005,1
2611,-6.0,0.0005,1
2612,-1.0,0.0005,1
2613,-3.0,0.0005,1
2614,-15.0,0.0005,1
2615,-36.0,0.0005,1
2616,-1.0,0.0005,1
2617,-3.0,0.0005,1
2618,-6.0,0.0005,1
2619,-21.0,0.0005,1
2620,-1.0,0.0005,1
2621,-3.0,0.0005,1
2622,0.0,0.0005,1
2623,0.0,0.0005,1
2624,-10.0,0.0005,1
2625,-10.0,0.0005,1
2626,-6.0,0.0005,1
2627,-3.0,0.0005,1
2628,-1.0,0.0005,1
2629,-10.0,0.0005,1
2630,-3.0,0.0005,1
2631,-6.0,0.0005,1
2632,-1.0,0.0005,1
2633,-10.0,0.0005,1
2634,-3.0,0.0005,1
2635,-10.0,0.0005,1
2636,-1.0,0.0005,1
2637,-6.0,0.0005,1
2638,-10.0,0.0005,1
2639,-1.0,0.0005,1
2640,0.0,0.0005,1
2641,0.0,0.0005,1
2642,-1.0,0.0005,1
2643,-1.0,0.0005,1
2644,-6.0,0.0005,1
2645,-10.0,0.0005,1
2646,-10.0,0.0005,1
2647,-3.0,0.0005,1
2648,-10.0,0.0005,1
2649,-3.0,0.0005,1
2650,-10.0,0.0005,1
2651,-6.0,0.0005,1
2652,-10.0,0.0005,1
2653,-3.0,0.0005,1
2654,-6.0,0.0005,1
2655,-1.0,0.0005,1
2656,0.0,0.0005,1
2657,-1.0,0.0005,1
2658,-10.0,0.0005,1
2659,-10.0,0.0005,1
2660,-1.0,0.0005,1
2661,-1.0,0.0005,1
2662,-3.0,0.0005,1
2663,-1.0,0.0005,1
2664,-3.0,0.0005,1
2665,-6.0,0.0005,1
2666,-10.0,0.0005,1
2667,0.0,0.0005,1
2668,-1.0,0.0005,1
2669,-1.0,0.0005,1
2670,-10.0,0.0005,1
2671,-6.0,0.0005,1
2672,0.0,0.0005,1
2673,-3.0,0.0005,1
2674,-1.0,0.0005,1
2675,-1.0,0.0005,1
2676,-3.0,0.0005,1
2677,-1.0,0.0005,1
2678,-6.0,0.0005,1
2679,-3.0,0.0005,1
2680,-6.0,0.0005,1
2681,-6.0,0.0005,1
2682,-231.0,0.0005,1
2683,0.0,0.0005,1
2684,-28.0,0.0005,1
2685,-1.0,0.0005,1
2686,-1.0,0.0005,1
2687,-3.0,0.0005,1
2688,-10.0,0.0005,1
2689,-6.0,0.0005,1
2690,-6.0,0.0005,1
2691,-3.0,0.0005,1
2692,-10.0,0.0005,1
2693,-1.0,0.0005,1
2694,0.0,0.0005,1
2695,-1.0,0.0005,1
2696,-3.0,0.0005,1
2697,-10.0,0.0005,1
2698,-10.0,0.0005,1
2699,-3.0,0.0005,1
2700,-10.0,0.0005,1
2701,0.0,0.0005,1
2702,-3.0,0.0005,1
2703,-1.0,0.0005,1
2704,-3.0,0.0005,1
2705,0.0,0.0005,1
2706,0.0,0.0005,1
2707,-3.0,0.0005,1
2708,-3.0,0.0005,1
2709,-136.0,0.0005,1
2710,-3.0,0.0005,1
2711,-3.0,0.0005,1
2712,-3.0,0.0005,1
2713,-6.0,0.0005,1
2714,-1.0,0.0005,1
2715,0.0,0.0005,1
2716,-6.0,0.0005,1
2717,0.0,0.0005,1
2718,-6.0,0.0005,1
2719,-10.0,0.0005,1
2720,0.0,0.0005,1
2721,-1.0,0.0005,1
2722,-6.0,0.0005,1
2723,-3.0,0.0005,1
2724,-1.0,0.0005,1
2725,0.0,0.0005,1
2726,-3.0,0.0005,1
2727,0.0,0.0005,1
2728,-3.0,0.0005,1
2729,-15.0,0.0005,1
2730,-21.0,0.0005,1
2731,-10.0,0.0005,1
2732,0.0,0.0005,1
2733,-1.0,0.0005,1
2734,-3.0,0.0005,1
2735,-1.0,0.0005,1
2736,0.0,0.0005,1
2737,-3.0,0.0005,1
2738,-6.0,0.0005,1
2739,-6.0,0.0005,1
2740,0.0,0.0005,1
2741,-6.0,0.0005,1
2742,-6.0,0.0005,1
2743,-10.0,0.0005,1
2744,-3.0,0.0005,1
2745,-3.0,0.0005,1
2746,-1.0,0.0005,1
2747,-36.0,0.0005,1
2748,-1.0,0.0005,1
2749,-3.0,0.0005,1
2750,-1.0,0.0005,1
2751,-3.0,0.0005,1
2752,-6.0,0.0005,1
2753,-15.0,0.0005,1
2754,-1.0,0.0005,1
2755,-3.0,0.0005,1
2756,-6.0,0.0005,1
2757,-3.0,0.0005,1
2758,-6.0,0.0005,1
2759,-3.0,0.0005,1
2760,-6.0,0.0005,1
2761,-6.0,0.0005,1
2762,-190.0,0.0005,1
2763,-3.0,0.0005,1
2764,-3.0,0.0005,1
2765,-1.0,0.0005,1
2766,-15.0,0.0005,1
2767,-10.0,0.0005,1
2768,-1.0,0.0005,1
2769,-36.0,0.0005,1
2770,-1.0,0.0005,1
2771,-6.0,0.0005,1
2772,-6.0,0.0005,1
2773,-1.0,0.0005,1
2774,-10.0,0.0005,1
2775,0.0,0.0005,1
2776,-3.0,0.0005,1
2777,-3.0,0.0005,1
2778,0.0,0.0005,1
2779,-3.0,0.0005,1
2780,-1.0,0.0005,1
2781,-1.0,0.0005,1
2782,-10.0,0.0005,1
2783,-3.0,0.0005,1
2784,-15.0,0.0005,1
2785,-6.0,0.0005,1
2786,0.0,0.0005,1
2787,-3.0,0.0005,1
2788,-1.0,0.0005,1
2789,-6.0,0.0005,1
2790,-3.0,0.0005,1
2791,-1.0,0.0005,1
2792,-10.0,0.0005,1
2793,-3.0,0.0005,1
2794,0.0,0.0005,1
2795,-6.0,0.0005,1
2796,-3.0,0.0005,1
2797,-6.0,0.0005,1
2798,-10.0,0.0005,1
2799,-15.0,0.0005,1
2800,0.0,0.0005,1
2801,-6.0,0.0005,1
2802,-3.0,0.0005,1
2803,-1.0,0.0005,1
2804,-1.0,0.0005,1
2805,0.0,0.0005,1
2806,-6.0,0.0005,1
2807,-1.0,0.0005,1
2808,-10.0,0.0005,1
2809,-3.0,0.0005,1
2810,-1.0,0.0005,1
2811,-15.0,0.0005,1
2812,-10.0,0.0005,1
2813,-14.0,0.0005,1
2814,-10.0,0.0005,1
2815,-6.0,0.0005,1
2816,-1.0,0.0005,1
2817,-6.0,0.0005,1
2818,-1.0,0.0005,1
2819,-1.0,0.0005,1
2820,-3.0,0.0005,1
2821,-6.0,0.0005,1
2822,-10.0,0.0005,1
2823,-3.0,0.0005,1
2824,-6.0,0.0005,1
2825,-3.0,0.0005,1
2826,0.0,0.0005,1
2827,-3.0,0.0005,1
2828,-3.0,0.0005,1
2829,-1.0,0.0005,1
2830,-6.0,0.0005,1
2831,-3.0,0.0005,1
2832,-1.0,0.0005,1
2833,-6.0,0.0005,1
2834,-15.0,0.0005,1
2835,0.0,0.0005,1
2836,-1.0,0.0005,1
2837,-6.0,0.0005,1
2838,-6.0,0.0005,1
2839,-25.0,0.0005,1
2840,0.0,0.0005,1
2841,-1.0,0.0005,1
2842,-6.0,0.0005,1
2843,0.0,0.0005,1
2844,-3.0,0.0005,1
2845,-3.0,0.0005,1
2846,-3.0,0.0005,1
2847,-1.0,0.0005,1
2848,-3.0,0.0005,1
2849,-6.0,0.0005,1
2850,0.0,0.0005,1
2851,-1.0,0.0005,1
2852,-3.0,0.0005,1
2853,0.0,0.0005,1
2854,-3.0,0.0005,1
2855,-3.0,0.0005,1
2856,-15.0,0.0005,1
2857,-6.0,0.0005,1
2858,-6.0,0.0005,1
2859,-19.0,0.0005,1
2860,-1.0,0.0005,1
2861,-3.0,0.0005,1
2862,-6.0,0.0005,1
2863,0.0,0.0005,1
2864,-1.0,0.0005,1
2865,-10.0,0.0005,1
2866,0.0,0.0005,1
2867,0.0,0.0005,1
2868,-3.0,0.0005,1
2869,-3.0,0.0005,1
2870,-3.0,0.0005,1
2871,-6.0,0.0005,1
2872,-10.0,0.0005,1
2873,-6.0,0.0005,1
2874,-10.0,0.0005,1
2875,0.0,0.0005,1
2876,-3.0,0.0005,1
2877,-3.0,0.0005,1
2878,-3.0,0.0005,1
2879,-6.0,0.0005,1
2880,-6.0,0.0005,1
2881,-1.0,0.0005,1
2882,-1.0,0.0005,1
2883,-15.0,0.0005,1
2884,0.0,0.0005,1
2885,-6.0,0.0005,1
2886,-3.0,0.0005,1
2887,-6.0,0.0005,1
2888,-3.0,0.0005,1
2889,-3.0,0.0005,1
2890,-6.0,0.0005,1
2891,-1.0,0.0005,1
2892,0.0,0.0005,1
2893,-15.0,0.0005,1
2894,-15.0,0.0005,1
2895,-1.0,0.0005,1
2896,-1.0,0.0005,1
2897,-1.0,0.0005,1
2898,0.0,0.0005,1
2899,-6.0,0.0005,1
2900,-3.0,0.0005,1
2901,-6.0,0.0005,1
2902,-6.0,0.0005,1
2903,0.0,0.0005,1
2904,-3.0,0.0005,1
2905,0.0,0.0005,1
2906,-3.0,0.0005,1
2907,-1.0,0.0005,1
2908,-1.0,0.0005,1
2909,-10.0,0.0005,1
2910,-3.0,0.0005,1
2911,-1.0,0.0005,1
2912,-6.0,0.0005,1
2913,-1.0,0.0005,1
2914,-3.0,0.0005,1
2915,-6.0,0.0005,1
2916,-3.0,0.0005,1
2917,-21.0,0.0005,1
2918,-1.0,0.0005,1
2919,-28.0,0.0005,1
2920,-6.0,0.0005,1
2921,-1.0,0.0005,1
2922,-10.0,0.0005,1
2923,-10.0,0.0005,1
2924,0.0,0.0005,1
2925,-10.0,0.0005,1
2926,-1.0,0.0005,1
2927,-10.0,0.0005,1
2928,0.0,0.0005,1
2929,-6.0,0.0005,1
2930,-6.0,0.0005,1
2931,-15.0,0.0005,1
2932,-6.0,0.0005,1
2933,-10.0,0.0005,1
2934,-3.0,0.0005,1
2935,-1.0,0.0005,1
2936,-10.0,0.0005,1
2937,-3.0,0.0005,1
2938,-1.0,0.0005,1
2939,-6.0,0.0005,1
2940,-10.0,0.0005,1
2941,-10.0,0.0005,1
2942,-6.0,0.0005,1
2943,-1.0,0.0005,1
2944,-3.0,0.0005,1
2945,-1.0,0.0005,1
2946,-6.0,0.0005,1
2947,-1.0,0.0005,1
2948,-6.0,0.0005,1
2949,0.0,0.0005,1
2950,-1.0,0.0005,1
2951,-1.0,0.0005,1
2952,-1.0,0.0005,1
2953,-1.0,0.0005,1
2954,-3.0,0.0005,1
2955,-6.0,0.0005,1
2956,-10.0,0.0005,1
2957,-6.0,0.0005,1
2958,0.0,0.0005,1
2959,-3.0,0.0005,1
2960,-1.0,0.0005,1
2961,-3.0,0.0005,1
2962,-10.0,0.0005,1
2963,-1.0,0.0005,1
2964,-1.0,0.0005,1
2965,-3.0,0.0005,1
2966,-1.0,0.0005,1
2967,-14.0,0.0005,1
2968,-10.0,0.0005,1
2969,-1.0,0.0005,1
2970,-10.0,0.0005,1
2971,-3.0,0.0005,1
2972,-1.0,0.0005,1
2973,-6.0,0.0005,1
2974,-6.0,0.0005,1
2975,-1.0,0.0005,1
2976,-10.0,0.0005,1
2977,-6.0,0.0005,1
2978,-3.0,0.0005,1
2979,0.0,0.0005,1
2980,0.0,0.0005,1
2981,-3.0,0.0005,1
2982,-1.0,0.0005,1
2983,-6.0,0.0005,1
2984,-3.0,0.0005,1
2985,-1.0,0.0005,1
2986,-3.0,0.0005,1
2987,-1.0,0.0005,1
2988,-10.0,0.0005,1
2989,-10.0,0.0005,1
2990,-1.0,0.0005,1
2991,-1.0,0.0005,1
2992,-3.0,0.0005,1
2993,0.0,0.0005,1
2994,-3.0,0.0005,1
2995,-1.0,0.0005,1
2996,-6.0,0.0005,1
2997,-1.0,0.0005,1
2998,-3.0,0.0005,1
2999,-1.0,0.0005,1
3000,-3.0,0.0005,1
3001,-3.0,0.0005,1
3002,-10.0,0.0005,1
3003,-10.0,0.0005,1
3004,-1.0,0.0005,1
3005,-6.0,0.0005,1
3006,-6.0,0.0005,1
3007,-6.0,0.0005,1
3008,-3.0,0.0005,1
3009,-1.0,0.0005,1
3010,-1.0,0.0005,1
3011,-6.0,0.0005,1
3012,-3.0,0.0005,1
3013,-1.0,0.0005,1
3014,-3.0,0.0005,1
3015,-3.0,0.0005,1
3016,-6.0,0.0005,1
3017,0.0,0.0005,1
3018,-6.0,0.0005,1
3019,-3.0,0.0005,1
3020,-10.0,0.0005,1
3021,-6.0,0.0005,1
3022,-25.0,0.0005,1
3023,-10.0,0.0005,1
3024,-6.0,0.0005,1
3025,-15.0,0.0005,1
3026,-15.0,0.0005,1
3027,-3.0,0.0005,1
3028,-6.0,0.0005,1
3029,0.0,0.0005,1
3030,-3.0,0.0005,1
3031,-1.0,0.0005,1
3032,-6.0,0.0005,1
3033,-10.0,0.0005,1
3034,-10.0,0.0005,1
3035,-6.0,0.0005,1
3036,-3.0,0.0005,1
3037,-3.0,0.0005,1
3038,-10.0,0.0005,1
3039,0.0,0.0005,1
3040,-6.0,0.0005,1
3041,-45.0,0.0005,1
3042,-6.0,0.0005,1
3043,-3.0,0.0005,1
3044,0.0,0.0005,1
3045,-6.0,0.0005,1
3046,-3.0,0.0005,1
3047,-10.0,0.0005,1
3048,-1.0,0.0005,1
3049,-15.0,0.0005,1
3050,0.0,0.0005,1
3051,-1.0,0.0005,1
3052,-6.0,0.0005,1
3053,-1.0,0.0005,1
3054,-3.0,0.0005,1
3055,-10.0,0.0005,1
3056,-1.0,0.0005,1
3057,-1.0,0.0005,1
3058,-1.0,0.0005,1
3059,-6.0,0.0005,1
3060,-6.0,0.0005,1
3061,0.0,0.0005,1
3062,0.0,0.0005,1
3063,-3.0,0.0005,1
3064,-78.0,0.0005,1
3065,-6.0,0.0005,1
3066,-10.0,0.0005,1
3067,-1.0,0.0005,1
3068,-3.0,0.0005,1
3069,-15.0,0.0005,1
3070,-10.0,0.0005,1
3071,-3.0,0.0005,1
3072,-1.0,0.0005,1
3073,0.0,0.0005,1
3074,-1.0,0.0005,1
3075,-6.0,0.0005,1
3076,-1.0,0.0005,1
3077,-1.0,0.0005,1
3078,-28.0,0.0005,1
3079,-10.0,0.0005,1
3080,-6.0,0.0005,1
3081,0.0,0.0005,1
3082,-3.0,0.0005,1
3083,-1.0,0.0005,1
3084,-15.0,0.0005,1
3085,-3.0,0.0005,1
3086,0.0,0.0005,1
3087,-3.0,0.0005,1
3088,-6.0,0.0005,1
3089,0.0,0.0005,1
3090,-10.0,0.0005,1
3091,-3.0,0.0005,1
3092,0.0,0.0005,1
3093,-1.0,0.0005,1
3094,-1.0,0.0005,1
3095,-1.0,0.0005,1
3096,-3.0,0.0005,1
3097,-1.0,0.0005,1
3098,-15.0,0.0005,1
3099,-21.0,0.0005,1
3100,-6.0,0.0005,1
3101,0.0,0.0005,1
3102,-10.0,0.0005,1
3103,-3.0,0.0005,1
3104,-36.0,0.0005,1
3105,-3.0,0.0005,1
3106,-10.0,0.0005,1
3107,0.0,0.0005,1
3108,-153.0,0.0005,1
3109,-18.0,0.0005,1
3110,-6.0,0.0005,1
3111,0.0,0.0005,1
3112,-10.0,0.0005,1
3113,-3.0,0.0005,1
3114,-6.0,0.0005,1
3115,0.0,0.0005,1
3116,-1.0,0.0005,1
3117,-10.0,0.0005,1
3118,-3.0,0.0005,1
3119,-1.0,0.0005,1
3120,-10.0,0.0005,1
3121,0.0,0.0005,1
3122,-6.0,0.0005,1
3123,-3.0,0.0005,1
3124,-6.0,0.0005,1
3125,-1431.0,0.0005,1
3126,-1.0,0.0005,1
3127,-1.0,0.0005,1
3128,-3.0,0.0005,1
3129,-15.0,0.0005,1
3130,-1.0,0.0005,1
3131,0.0,0.0005,1
3132,0.0,0.0005,1
3133,-15.0,0.0005,1
3134,-6.0,0.0005,1
3135,-3.0,0.0005,1
3136,-10.0,0.0005,1
3137,0.0,0.0005,1
3138,0.0,0.0005,1
3139,-1.0,0.0005,1
3140,-6.0,0.0005,1
3141,-3.0,0.0005,1
3142,-1.0,0.0005,1
3143,-6.0,0.0005,1
3144,-1.0,0.0005,1
3145,-10.0,0.0005,1
3146,-10.0,0.0005,1
3147,-3.0,0.0005,1
3148,-1.0,0.0005,1
3149,-1.0,0.0005,1
3150,-10.0,0.0005,1
3151,-10.0,0.0005,1
3152,-1.0,0.0005,1
3153,-10.0,0.0005,1
3154,-6.0,0.0005,1
3155,-15.0,0.0005,1
3156,-3.0,0.0005,1
3157,-3.0,0.0005,1
3158,-21.0,0.0005,1
3159,-1.0,0.0005,1
3160,-3.0,0.0005,1
3161,-3.0,0.0005,1
3162,-10.0,0.0005,1
3163,-6.0,0.0005,1
3164,0.0,0.0005,1
3165,-3.0,0.0005,1
3166,-1.0,0.0005,1
3167,-3.0,0.0005,1
3168,-6.0,0.0005,1
3169,-6.0,0.0005,1
3170,-6.0,0.0005,1
3171,-3.0,0.0005,1
3172,-6.0,0.0005,1
3173,-3.0,0.0005,1
3174,-3.0,0.0005,1
3175,0.0,0.0005,1
3176,-1.0,0.0005,1
3177,0.0,0.0005,1
3178,-10.0,0.0005,1
3179,-15.0,0.0005,1
3180,-3.0,0.0005,1
3181,-6.0,0.0005,1
3182,-15.0,0.0005,1
3183,-1.0,0.0005,1
3184,-3.0,0.0005,1
3185,-1.0,0.0005,1
3186,-3.0,0.0005,1
3187,-3.0,0.0005,1
3188,-3.0,0.0005,1
3189,-6.0,0.0005,1
3190,-10.0,0.0005,1
3191,-6.0,0.0005,1
3192,-6.0,0.0005,1
3193,-3.0,0.0005,1
3194,-3.0,0.0005,1
3195,-6.0,0.0005,1
3196,-1.0,0.0005,1
3197,-10.0,0.0005,1
3198,-1.0,0.0005,1
3199,-1.0,0.0005,1
3200,-10.0,0.0005,1
3201,-15.0,0.0005,1
3202,-10.0,0.0005,1
3203,-6.0,0.0005,1
3204,-1.0,0.0005,1
3205,-3.0,0.0005,1
3206,-6.0,0.0005,1
3207,-1.0,0.0005,1
3208,-10.0,0.0005,1
3209,-6.0,0.0005,1
3210,0.0,0.0005,1
3211,-6.0,0.0005,1
3212,-1.0,0.0005,1
3213,0.0,0.0005,1
3214,-10.0,0.0005,1
3215,-19.0,0.0005,1
3216,0.0,0.0005,1
3217,-6.0,0.0005,1
3218,-10.0,0.0005,1
3219,-1.0,0.0005,1
3220,0.0,0.0005,1
3221,-1.0,0.0005,1
3222,-3.0,0.0005,1
3223,-3.0,0.0005,1
3224,-3.0,0.0005,1
3225,-6.0,0.0005,1
3226,-1.0,0.0005,1
3227,-6.0,0.0005,1
3228,0.0,0.0005,1
3229,-6.0,0.0005,1
3230,-10.0,0.0005,1
3231,-1.0,0.0005,1
3232,-6.0,0.0005,1
3233,-3.0,0.0005,1
3234,-6.0,0.0005,1
3235,-3.0,0.0005,1
3236,-1.0,0.0005,1
3237,-15.0,0.0005,1
3238,-1.0,0.0005,1
3239,-3.0,0.0005,1
3240,-1.0,0.0005,1
3241,-3.0,0.0005,1
3242,-6.0,0.0005,1
3243,-3.0,0.0005,1
3244,0.0,0.0005,1
3245,-6.0,0.0005,1
3246,-3.0,0.0005,1
3247,-3.0,0.0005,1
3248,-6.0,0.0005,1
3249,-3.0,0.0005,1
3250,-6.0,0.0005,1
3251,-6.0,0.0005,1
3252,-3.0,0.0005,1
3253,-21.0,0.0005,1
3254,-1.0,0.0005,1
3255,-3.0,0.0005,1
3256,-1.0,0.0005,1
3257,-6.0,0.0005,1
3258,-1.0,0.0005,1
3259,-3.0,0.0005,1
3260,-3.0,0.0005,1
3261,-10.0,0.0005,1
3262,-6.0,0.0005,1
3263,-15.0,0.0005,1
3264,-3.0,0.0005,1
3265,-1.0,0.0005,1
3266,-3.0,0.0005,1
3267,-10.0,0.0005,1
3268,-1.0,0.0005,1
3269,-21.0,0.0005,1
3270,-1.0,0.0005,1
3271,-15.0,0.0005,1
3272,0.0,0.0005,1
3273,-6.0,0.0005,1
3274,-6.0,0.0005,1
3275,0.0,0.0005,1
3276,-1.0,0.0005,1
3277,-6.0,0.0005,1
3278,-3.0,0.0005,1
3279,-6.0,0.0005,1
3280,-3.0,0.0005,1
3281,-1.0,0.0005,1
3282,-6.0,0.0005,1
3283,-3.0,0.0005,1
3284,-6.0,0.0005,1
3285,-3.0,0.0005,1
3286,-3.0,0.0005,1
3287,-6.0,0.0005,1
3288,-6.0,0.0005,1
3289,-1.0,0.0005,1
3290,-1.0,0.0005,1
3291,-6.0,0.0005,1
3292,-6.0,0.0005,1
3293,-6.0,0.0005,1
3294,-3.0,0.0005,1
3295,0.0,0.0005,1
3296,-3.0,0.0005,1
3297,-6.0,0.0005,1
3298,-1.0,0.0005,1
3299,-6.0,0.0005,1
3300,-10.0,0.0005,1
3301,-15.0,0.0005,1
3302,-6.0,0.0005,1
3303,-6.0,0.0005,1
3304,-3.0,0.0005,1
3305,-15.0,0.0005,1
3306,-1.0,0.0005,1
3307,-10.0,0.0005,1
3308,-1.0,0.0005,1
3309,-6.0,0.0005,1
3310,-3.0,0.0005,1
3311,-1.0,0.0005,1
3312,-15.0,0.0005,1
3313,-1.0,0.0005,1
3314,-10.0,0.0005,1
3315,-1.0,0.0005,1
3316,-15.0,0.0005,1
3317,-10.0,0.0005,1
3318,-3.0,0.0005,1
3319,-6.0,0.0005,1
3320,-6.0,0.0005,1
3321,-15.0,0.0005,1
3322,-3.0,0.0005,1
3323,-3.0,0.0005,1
3324,0.0,0.0005,1
3325,-3.0,0.0005,1
3326,-3.0,0.0005,1
3327,-1.0,0.0005,1
3328,-3.0,0.0005,1
3329,-3.0,0.0005,1
3330,-3.0,0.0005,1
3331,-6.0,0.0005,1
3332,-3.0,0.0005,1
3333,-6.0,0.0005,1
3334,-6.0,0.0005,1
3335,-6.0,0.0005,1
3336,-1.0,0.0005,1
3337,0.0,0.0005,1
3338,-6.0,0.0005,1
3339,0.0,0.0005,1
3340,-6.0,0.0005,1
3341,-15.0,0.0005,1
3342,-1.0,0.0005,1
3343,-6.0,0.0005,1
3344,-15.0,0.0005,1
3345,0.0,0.0005,1
3346,-6.0,0.0005,1
3347,-1.0,0.0005,1
3348,-1.0,0.0005,1
3349,-3.0,0.0005,1
3350,-3.0,0.0005,1
3351,-6.0,0.0005,1
3352,-3.0,0.0005,1
3353,-1.0,0.0005,1
3354,-3.0,0.0005,1
3355,-6.0,0.0005,1
3356,0.0,0.0005,1
3357,-10.0,0.0005,1
3358,-6.0,0.0005,1
3359,-15.0,0.0005,1
3360,-3.0,0.0005,1
3361,-21.0,0.0005,1
3362,-3.0,0.0005,1
3363,-3.0,0.0005,1
3364,0.0,0.0005,1
3365,-6.0,0.0005,1
3366,-21.0,0.0005,1
3367,0.0,0.0005,1
3368,-3.0,0.0005,1
3369,-6.0,0.0005,1
3370,-6.0,0.0005,1
3371,-6.0,0.0005,1
3372,-1.0,0.0005,1
3373,-10.0,0.0005,1
3374,-1.0,0.0005,1
3375,-3.0,0.0005,1
3376,0.0,0.0005,1
3377,-3.0,0.0005,1
3378,-1.0,0.0005,1
3379,-10.0,0.0005,1
3380,0.0,0.0005,1
3381,-6.0,0.0005,1
3382,-6.0,0.0005,1
3383,-6.0,0.0005,1
3384,-10.0,0.0005,1
3385,-6.0,0.0005,1
3386,-6.0,0.0005,1
3387,-6.0,0.0005,1
3388,0.0,0.0005,1
3389,-3.0,0.0005,1
3390,-10.0,0.0005,1
3391,-10.0,0.0005,1
3392,-3.0,0.0005,1
3393,-10.0,0.0005,1
3394,-6.0,0.0005,1
3395,-3.0,0.0005,1
3396,-6.0,0.0005,1
3397,-6.0,0.0005,1
3398,-1.0,0.0005,1
3399,-10.0,0.0005,1
3400,-3.0,0.0005,1
3401,-3.0,0.0005,1
3402,-3.0,0.0005,1
3403,-1.0,0.0005,1
3404,-1.0,0.0005,1
3405,-3.0,0.0005,1
3406,-1.0,0.0005,1
3407,-1.0,0.0005,1
3408,-1.0,0.0005,1
3409,-3.0,0.0005,1
3410,0.0,0.0005,1
3411,0.0,0.0005,1
3412,-6.0,0.0005,1
3413,0.0,0.0005,1
3414,-1.0,0.0005,1
3415,-3.0,0.0005,1
3416,-21.0,0.0005,1
3417,-1.0,0.0005,1
3418,-15.0,0.0005,1
3419,-6.0,0.0005,1
3420,-1.0,0.0005,1
3421,0.0,0.0005,1
3422,-6.0,0.0005,1
3423,-3.0,0.0005,1
3424,-3.0,0.0005,1
3425,-1.0,0.0005,1
3426,0.0,0.0005,1
3427,-3.0,0.0005,1
3428,0.0,0.0005,1
3429,-3.0,0.0005,1
3430,-10.0,0.0005,1
3431,-1.0,0.0005,1
3432,-1.0,0.0005,1
3433,-3.0,0.0005,1
3434,-6.0,0.0005,1
3435,-1.0,0.0005,1
3436,-6.0,0.0005,1
3437,-3.0,0.0005,1
3438,-15.0,0.0005,1
3439,-3.0,0.0005,1
3440,-6.0,0.0005,1
3441,-3.0,0.0005,1
3442,-3.0,0.0005,1
3443,-6.0,0.0005,1
3444,-3.0,0.0005,1
3445,-1.0,0.0005,1
3446,-1.0,0.0005,1
3447,-1.0,0.0005,1
3448,-3.0,0.0005,1
3449,0.0,0.0005,1
3450,0.0,0.0005,1
3451,-3.0,0.0005,1
3452,-3.0,0.0005,1
3453,-6.0,0.0005,1
3454,-3.0,0.0005,1
3455,-10.0,0.0005,1
3456,-1.0,0.0005,1
3457,-3.0,0.0005,1
3458,-15.0,0.0005,1
3459,-3.0,0.0005,1
3460,-6.0,0.0005,1
3461,-10.0,0.0005,1
3462,0.0,0.0005,1
3463,-15.0,0.0005,1
3464,0.0,0.0005,1
3465,-6.0,0.0005,1
3466,-3.0,0.0005,1
3467,-10.0,0.0005,1
3468,-1.0,0.0005,1
3469,-6.0,0.0005,1
3470,-3.0,0.0005,1
3471,-10.0,0.0005,1
3472,-3.0,0.0005,1
3473,-6.0,0.0005,1
3474,0.0,0.0005,1
3475,-10.0,0.0005,1
3476,-6.0,0.0005,1
3477,-1.0,0.0005,1
3478,-3.0,0.0005,1
3479,-3.0,0.0005,1
3480,-3.0,0.0005,1
3481,-6.0,0.0005,1
3482,-6.0,0.0005,1
3483,0.0,0.0005,1
3484,-10.0,0.0005,1
3485,0.0,0.0005,1
3486,-1.0,0.0005,1
3487,-1.0,0.0005,1
3488,-10.0,0.0005,1
3489,-1.0,0.0005,1
3490,-10.0,0.0005,1
3491,-3.0,0.0005,1
3492,-10.0,0.0005,1
3493,-1.0,0.0005,1
3494,-3.0,0.0005,1
3495,-10.0,0.0005,1
3496,-1.0,0.0005,1
3497,0.0,0.0005,1
3498,-1.0,0.0005,1
3499,-6.0,0.0005,1
3500,-6.0,0.0005,1
3501,-1.0,0.0005,1
3502,-3.0,0.0005,1
3503,0.0,0.0005,1
3504,-6.0,0.0005,1
3505,-6.0,0.0005,1
3506,-1.0,0.0005,1
3507,-1.0,0.0005,1
3508,-3.0,0.0005,1
3509,-3.0,0.0005,1
3510,-15.0,0.0005,1
3511,-3.0,0.0005,1
3512,-1.0,0.0005,1
3513,-3.0,0.0005,1
3514,-3.0,0.0005,1
3515,-6.0,0.0005,1
3516,-6.0,0.0005,1
3517,-1.0,0.0005,1
3518,-10.0,0.0005,1
3519,-1.0,0.0005,1
3520,-1.0,0.0005,1
3521,-6.0,0.0005,1
3522,-3.0,0.0005,1
3523,-6.0,0.0005,1
3524,-3.0,0.0005,1
3525,-1.0,0.0005,1
3526,-1.0,0.0005,1
3527,-3.0,0.0005,1
3528,-1.0,0.0005,1
3529,-6.0,0.0005,1
3530,-3.0,0.0005,1
3531,-1.0,0.0005,1
3532,-6.0,0.0005,1
3533,-1.0,0.0005,1
3534,0.0,0.0005,1
3535,-3.0,0.0005,1
3536,-15.0,0.0005,1
3537,-1.0,0.0005,1
3538,-3.0,0.0005,1
3539,-1.0,0.0005,1
3540,-6.0,0.0005,1
3541,-3.0,0.0005,1
3542,-6.0,0.0005,1
3543,-21.0,0.0005,1
3544,0.0,0.0005,1
3545,-3.0,0.0005,1
3546,-1.0,0.0005,1
3547,0.0,0.0005,1
3548,-15.0,0.0005,1
3549,-1.0,0.0005,1
3550,-3.0,0.0005,1
3551,-1.0,0.0005,1
3552,-3.0,0.0005,1
3553,-6.0,0.0005,1
3554,0.0,0.0005,1
3555,-6.0,0.0005,1
3556,-10.0,0.0005,1
3557,-3.0,0.0005,1
3558,-1.0,0.0005,1
3559,-1.0,0.0005,1
3560,-15.0,0.0005,1
3561,-1.0,0.0005,1
3562,-1.0,0.0005,1
3563,-1.0,0.0005,1
3564,-3.0,0.0005,1
3565,-3.0,0.0005,1
3566,-1.0,0.0005,1
3567,0.0,0.0005,1
3568,-6.0,0.0005,1
3569,-10.0,0.0005,1
3570,-10.0,0.0005,1
3571,-6.0,0.0005,1
3572,-1.0,0.0005,1
3573,-10.0,0.0005,1
3574,0.0,0.0005,1
3575,-3.0,0.0005,1
3576,-15.0,0.0005,1
3577,-3.0,0.0005,1
3578,0.0,0.0005,1
3579,-6.0,0.0005,1
3580,-1.0,0.0005,1
3581,-6.0,0.0005,1
3582,-6.0,0.0005,1
3583,-6.0,0.0005,1
3584,-3.0,0.0005,1
3585,-1.0,0.0005,1
3586,-3.0,0.0005,1
3587,-1.0,0.0005,1
3588,-3.0,0.0005,1
3589,-1.0,0.0005,1
3590,-15.0,0.0005,1
3591,-3.0,0.0005,1
3592,-1.0,0.0005,1
3593,-1.0,0.0005,1
3594,-1.0,0.0005,1
3595,-3.0,0.0005,1
3596,-6.0,0.0005,1
3597,-25.0,0.0005,1
3598,-6.0,0.0005,1
3599,-6.0,0.0005,1
3600,0.0,0.0005,1
3601,-6.0,0.0005,1
3602,-10.0,0.0005,1
3603,-3.0,0.0005,1
3604,0.0,0.0005,1
3605,-3.0,0.0005,1
3606,0.0,0.0005,1
3607,0.0,0.0005,1
3608,-10.0,0.0005,1
3609,-3.0,0.0005,1
3610,-3.0,0.0005,1
3611,-3.0,0.0005,1
3612,0.0,0.0005,1
3613,-3.0,0.0005,1
3614,-3.0,0.0005,1
3615,-6.0,0.0005,1
3616,-10.0,0.0005,1
3617,-6.0,0.0005,1
3618,-1.0,0.0005,1
3619,-6.0,0.0005,1
3620,-1.0,0.0005,1
3621,-1.0,0.0005,1
3622,-6.0,0.0005,1
3623,-3.0,0.0005,1
3624,-3.0,0.0005,1
3625,-6.0,0.0005,1
3626,-3.0,0.0005,1
3627,-3.0,0.0005,1
3628,0.0,0.0005,1
3629,0.0,0.0005,1
3630,-1.0,0.0005,1
3631,-6.0,0.0005,1
3632,-3.0,0.0005,1
3633,-3.0,0.0005,1
3634,0.0,0.0005,1
3635,-6.0,0.0005,1
3636,-3.0,0.0005,1
3637,0.0,0.0005,1
3638,-3.0,0.0005,1
3639,-3.0,0.0005,1
3640,-3.0,0.0005,1
3641,-6.0,0.0005,1
3642,-6.0,0.0005,1
3643,-15.0,0.0005,1
3644,-6.0,0.0005,1
3645,-3.0,0.0005,1
3646,-6.0,0.0005,1
3647,0.0,0.0005,1
3648,-1.0,0.0005,1
3649,-15.0,0.0005,1
3650,-3.0,0.0005,1
3651,-15.0,0.0005,1
3652,-3.0,0.0005,1
3653,-6.0,0.0005,1
3654,-3.0,0.0005,1
3655,-10.0,0.0005,1
3656,-1.0,0.0005,1
3657,-3.0,0.0005,1
3658,-6.0,0.0005,1
3659,-3.0,0.0005,1
3660,-3.0,0.0005,1
3661,-3.0,0.0005,1
3662,-3.0,0.0005,1
3663,-10.0,0.0005,1
3664,-3.0,0.0005,1
3665,-10.0,0.0005,1
3666,-6.0,0.0005,1
3667,-6.0,0.0005,1
3668,-6.0,0.0005,1
3669,-1.0,0.0005,1
3670,0.0,0.0005,1
3671,-1.0,0.0005,1
3672,-1.0,0.0005,1
3673,-10.0,0.0005,1
3674,-1.0,0.0005,1
3675,-1.0,0.0005,1
3676,-6.0,0.0005,1
3677,0.0,0.0005,1
3678,-3.0,0.0005,1
3679,-27.0,0.0005,1
3680,-1.0,0.0005,1
3681,-6.0,0.0005,1
3682,-6.0,0.0005,1
3683,-3.0,0.0005,1
3684,-1.0,0.0005,1
3685,-6.0,0.0005,1
3686,-3.0,0.0005,1
3687,-3.0,0.0005,1
3688,0.0,0.0005,1
3689,-6.0,0.0005,1
3690,-1.0,0.0005,1
3691,0.0,0.0005,1
3692,-6.0,0.0005,1
3693,-25.0,0.0005,1
3694,-1.0,0.0005,1
3695,-1.0,0.0005,1
3696,-10.0,0.0005,1
3697,-3.0,0.0005,1
3698,-6.0,0.0005,1
3699,-1.0,0.0005,1
3700,-10.0,0.0005,1
3701,-6.0,0.0005,1
3702,-1.0,0.0005,1
3703,-6.0,0.0005,1
3704,-1.0,0.0005,1
3705,-1.0,0.0005,1
3706,-6.0,0.0005,1
3707,-3.0,0.0005,1
3708,-3.0,0.0005,1
3709,-3.0,0.0005,1
3710,-3.0,0.0005,1
3711,-3.0,0.0005,1
3712,-6.0,0.0005,1
3713,-1.0,0.0005,1
3714,-1.0,0.0005,1
3715,-1.0,0.0005,1
3716,-15.0,0.0005,1
3717,-1.0,0.0005,1
3718,-1.0,0.0005,1
3719,-15.0,0.0005,1
3720,-10.0,0.0005,1
3721,0.0,0.0005,1
3722,-1.0,0.0005,1
3723,-1.0,0.0005,1
3724,-1.0,0.0005,1
3725,-1.0,0.0005,1
3726,-6.0,0.0005,1
3727,-6.0,0.0005,1
3728,-1.0,0.0005,1
3729,-6.0,0.0005,1
3730,-3.0,0.0005,1
3731,-10.0,0.0005,1
3732,0.0,0.0005,1
3733,-10.0,0.0005,1
3734,-10.0,0.0005,1
3735,-6.0,0.0005,1
3736,-3.0,0.0005,1
3737,-6.0,0.0005,1
3738,-3.0,0.0005,1
3739,0.0,0.0005,1
3740,0.0,0.0005,1
3741,-3.0,0.0005,1
3742,-3.0,0.0005,1
3743,-1.0,0.0005,1
3744,-21.0,0.0005,1
3745,-10.0,0.0005,1
3746,-1.0,0.0005,1
3747,-28.0,0.0005,1
3748,-6.0,0.0005,1
3749,-15.0,0.0005,1
3750,-10.0,0.0005,1
3751,-1.0,0.0005,1
3752,-6.0,0.0005,1
3753,-6.0,0.0005,1
3754,-3.0,0.0005,1
3755,-6.0,0.0005,1
3756,0.0,0.0005,1
3757,-3.0,0.0005,1
3758,-1.0,0.0005,1
3759,-15.0,0.0005,1
3760,-10.0,0.0005,1
3761,-1.0,0.0005,1
3762,-1.0,0.0005,1
3763,-3.0,0.0005,1
3764,-6.0,0.0005,1
3765,0.0,0.0005,1
3766,-6.0,0.0005,1
3767,-3.0,0.0005,1
3768,-3.0,0.0005,1
3769,-1.0,0.0005,1
3770,-3.0,0.0005,1
3771,-10.0,0.0005,1
3772,0.0,0.0005,1
3773,-3.0,0.0005,1
3774,-6.0,0.0005,1
3775,-6.0,0.0005,1
3776,-1.0,0.0005,1
3777,-10.0,0.0005,1
3778,-1.0,0.0005,1
3779,-1.0,0.0005,1
3780,-15.0,0.0005,1
3781,-1.0,0.0005,1
3782,-3.0,0.0005,1
3783,-21.0,0.0005,1
3784,-6.0,0.0005,1
3785,-3.0,0.0005,1
3786,-6.0,0.0005,1
3787,-21.0,0.0005,1
3788,-6.0,0.0005,1
3789,-10.0,0.0005,1
3790,-10.0,0.0005,1
3791,-3.0,0.0005,1
3792,-1.0,0.0005,1
3793,-10.0,0.0005,1
3794,-15.0,0.0005,1
3795,-3.0,0.0005,1
3796,-3.0,0.0005,1
3797,-1.0,0.0005,1
3798,0.0,0.0005,1
3799,-3.0,0.0005,1
3800,-1.0,0.0005,1
3801,-3.0,0.0005,1
3802,-1.0,0.0005,1
3803,-1.0,0.0005,1
3804,0.0,0.0005,1
3805,-10.0,0.0005,1
3806,-3.0,0.0005,1
3807,-6.0,0.0005,1
3808,-3.0,0.0005,1
3809,-10.0,0.0005,1
3810,-3.0,0.0005,1
3811,-3.0,0.0005,1
3812,-3.0,0.0005,1
3813,-3.0,0.0005,1
3814,-21.0,0.0005,1
3815,-10.0,0.0005,1
3816,-6.0,0.0005,1
3817,-3.0,0.0005,1
3818,-3.0,0.0005,1
3819,-6.0,0.0005,1
3820,-3.0,0.0005,1
3821,-3.0,0.0005,1
3822,-3.0,0.0005,1
3823,0.0,0.0005,1
3824,-6.0,0.0005,1
3825,-19.0,0.0005,1
3826,0.0,0.0005,1
3827,-3.0,0.0005,1
3828,-10.0,0.0005,1
3829,-1.0,0.0005,1
3830,-1.0,0.0005,1
3831,-28.0,0.0005,1
3832,-10.0,0.0005,1
3833,-6.0,0.0005,1
3834,0.0,0.0005,1
3835,0.0,0.0005,1
3836,-1.0,0.0005,1
3837,-1.0,0.0005,1
3838,-1.0,0.0005,1
3839,-1.0,0.0005,1
3840,-6.0,0.0005,1
3841,-15.0,0.0005,1
3842,-10.0,0.0005,1
3843,-1.0,0.0005,1
3844,-1.0,0.0005,1
3845,-6.0,0.0005,1
3846,-3.0,0.0005,1
3847,-1.0,0.0005,1
3848,-10.0,0.0005,1
3849,-3.0,0.0005,1
3850,-6.0,0.0005,1
3851,-10.0,0.0005,1
3852,-1.0,0.0005,1
3853,-3.0,0.0005,1
3854,-10.0,0.0005,1
3855,-3.0,0.0005,1
3856,-15.0,0.0005,1
3857,-3.0,0.0005,1
3858,-10.0,0.0005,1
3859,-1.0,0.0005,1
3860,-10.0,0.0005,1
3861,-3.0,0.0005,1
3862,-1.0,0.0005,1
3863,-6.0,0.0005,1
3864,-3.0,0.0005,1
3865,-15.0,0.0005,1
3866,-1.0,0.0005,1
3867,-1.0,0.0005,1
3868,-6.0,0.0005,1
3869,-6.0,0.0005,1
3870,-3.0,0.0005,1
3871,0.0,0.0005,1
3872,-10.0,0.0005,1
3873,-1.0,0.0005,1
3874,-1.0,0.0005,1
3875,0.0,0.0005,1
3876,-6.0,0.0005,1
3877,0.0,0.0005,1
3878,-3.0,0.0005,1
3879,-10.0,0.0005,1
3880,-1.0,0.0005,1
3881,-3.0,0.0005,1
3882,-6.0,0.0005,1
3883,-6.0,0.0005,1
3884,-1.0,0.0005,1
3885,-10.0,0.0005,1
3886,-1.0,0.0005,1
3887,-3.0,0.0005,1
3888,-1.0,0.0005,1
3889,-3.0,0.0005,1
3890,-3.0,0.0005,1
3891,-3.0,0.0005,1
3892,-6.0,0.0005,1
3893,0.0,0.0005,1
3894,-1.0,0.0005,1
3895,-1.0,0.0005,1
3896,-6.0,0.0005,1
3897,-1.0,0.0005,1
3898,-3.0,0.0005,1
3899,-3.0,0.0005,1
3900,-3.0,0.0005,1
3901,0.0,0.0005,1
3902,-3.0,0.0005,1
3903,-1.0,0.0005,1
3904,-21.0,0.0005,1
3905,-21.0,0.0005,1
3906,-3.0,0.0005,1
3907,-21.0,0.0005,1
3908,-1.0,0.0005,1
3909,-3.0,0.0005,1
3910,-1.0,0.0005,1
3911,-3.0,0.0005,1
3912,-6.0,0.0005,1
3913,-1.0,0.0005,1
3914,-1.0,0.0005,1
3915,-15.0,0.0005,1
3916,-1.0,0.0005,1
3917,-6.0,0.0005,1
3918,-15.0,0.0005,1
3919,-1.0,0.0005,1
3920,-3.0,0.0005,1
3921,-36.0,0.0005,1
3922,-6.0,0.0005,1
3923,-3.0,0.0005,1
3924,0.0,0.0005,1
3925,-1.0,0.0005,1
3926,-1.0,0.0005,1
3927,-1.0,0.0005,1
3928,-3.0,0.0005,1
3929,0.0,0.0005,1
3930,-6.0,0.0005,1
3931,0.0,0.0005,1
3932,0.0,0.0005,1
3933,0.0,0.0005,1
3934,-3.0,0.0005,1
3935,-6.0,0.0005,1
3936,-15.0,0.0005,1
3937,-3.0,0.0005,1
3938,-10.0,0.0005,1
3939,-15.0,0.0005,1
3940,0.0,0.0005,1
3941,-6.0,0.0005,1
3942,-6.0,0.0005,1
3943,-3.0,0.0005,1
3944,-3.0,0.0005,1
3945,-10.0,0.0005,1
3946,-1.0,0.0005,1
3947,0.0,0.0005,1
3948,0.0,0.0005,1
3949,-3.0,0.0005,1
3950,-10.0,0.0005,1
3951,-1.0,0.0005,1
3952,-10.0,0.0005,1
3953,-6.0,0.0005,1
3954,-1.0,0.0005,1
3955,-3.0,0.0005,1
3956,-3.0,0.0005,1
3957,-6.0,0.0005,1
3958,-3.0,0.0005,1
3959,-10.0,0.0005,1
3960,-3.0,0.0005,1
3961,-28.0,0.0005,1
3962,-6.0,0.0005,1
3963,-6.0,0.0005,1
3964,-21.0,0.0005,1
3965,-3.0,0.0005,1
3966,0.0,0.0005,1
3967,-10.0,0.0005,1
3968,-10.0,0.0005,1
3969,-6.0,0.0005,1
3970,-15.0,0.0005,1
3971,-10.0,0.0005,1
3972,-6.0,0.0005,1
3973,-1.0,0.0005,1
3974,-1.0,0.0005,1
3975,0.0,0.0005,1
3976,0.0,0.0005,1
3977,-6.0,0.0005,1
3978,-3.0,0.0005,1
3979,-3.0,0.0005,1
3980,-3.0,0.0005,1
3981,-1.0,0.0005,1
3982,-1.0,0.0005,1
3983,-3.0,0.0005,1
3984,-1.0,0.0005,1
3985,-3.0,0.0005,1
3986,-6.0,0.0005,1
3987,-3.0,0.0005,1
3988,-3.0,0.0005,1
3989,0.0,0.0005,1
3990,-3.0,0.0005,1
3991,-6.0,0.0005,1
3992,-3.0,0.0005,1
3993,-21.0,0.0005,1
3994,-1.0,0.0005,1
3995,-1.0,0.0005,1
3996,-3.0,0.0005,1
3997,-10.0,0.0005,1
3998,0.0,0.0005,1
3999,-10.0,0.0005,1
